accession	start	target	has_hairpin	total_hit	strains_hit	subtypes_hit	spacer	strand	PAM	GC_content	A_content	Leishmania braziliensis	Leishmania lainsoni	Leishmania guyanensis	Leishmania panamensis	prop_total_hit	prop_strains_hit	p_subtypes_hit	prop_Leishmania braziliensis	prop_Leishmania lainsoni	prop_Leishmania guyanensis	prop_Leishmania panamensis	spacer_basepairs	MFE
AF088225.1	678	GGCATACAGAAACCCCGTTC	TRUE	432	13	4	GAACGGGGUUUCUGUAUGCC	+	TTTT	0.55	0.15	6	5	2	1	0.9818181818181818	0.8666666666666667	1	1	0.8333333333333334	0.6666666666666666	1	8	-6.7
AF088225.1	677	TGGCATACAGAAACCCCGTT	TRUE	432	13	4	AACGGGGUUUCUGUAUGCCA	+	TTTG	0.5	0.2	6	5	2	1	0.9818181818181818	0.8666666666666667	1	1	0.8333333333333334	0.6666666666666666	1	8	-7.8
AF088225.1	679	GCATACAGAAACCCCGTTCA	TRUE	431	12	4	UGAACGGGGUUUCUGUAUGC	+	TTTT	0.5	0.15	6	4	2	1	0.9795454545454544	0.8	1	1	0.6666666666666666	0.6666666666666666	1	8	-6.7
AF088226.1	646	TCTGGGTAGGGGCGTTCTGC	TRUE	428	11	4	GCAGAACGCCCCUACCCAGA	+	TTTC	0.65	0.3	6	3	2	1	0.9727272727272728	0.7333333333333333	1	1	0.5	0.6666666666666666	1	0	-4.7
KY698418.1	181	TAATTGTGCACGGGGAGGCC	FALSE	399	6	1	GGCCUCCCCGUGCACAAUUA	-	TTTT	0.6	0.2	6	0	1	0	0.906818181818182	0.4	0.25	1	0	0.3333333333333333	0	10	-5.6
KY698418.1	180	AATTGTGCACGGGGAGGCCA	FALSE	344	6	1	UGGCCUCCCCGUGCACAAUU	-	TTTT	0.6	0.15	6	0	1	0	0.7818181818181819	0.4	0.25	1	0	0.3333333333333333	0	9	-6
KY698418.1	182	CTAATTGTGCACGGGGAGGC	FALSE	344	6	1	GCCUCCCCGUGCACAAUUAG	-	TTTG	0.6	0.2	6	0	1	0	0.7818181818181819	0.4	0.25	1	0	0.3333333333333333	0	5	-5.6
KY698421.1	179	ATTGTGCACGGGGAGGCCAA	TRUE	201	6	1	UUGGCCUCCCCGUGCACAAU	-	TTTT	0.6	0.15	6	0	1	0	0.45681818181818185	0.4	0.25	1	0	0.3333333333333333	0	10	-6.2
AF088226.1	647	CTGGGTAGGGGCGTTCTGCG	TRUE	194	10	3	CGCAGAACGCCCCUACCCAG	+	TTTT	0.7	0.25	6	3	1	1	0.4409090909090909	0.6666666666666666	0.75	1	0.5	0.3333333333333333	1	4	-5
KY698420.1	86	CCCAGAGGCATGTCGGGGAG	TRUE	173	5	1	CUCCCCGACAUGCCUCUGGG	-	TTTA	0.7	0.1	5	0	0	0	0.3931818181818182	0.3333333333333333	0.25	0.8333333333333334	0	0	0	10	-8.1
KY698420.1	85	CCAGAGGCATGTCGGGGAGT	TRUE	142	5	1	ACUCCCCGACAUGCCUCUGG	-	TTTT	0.65	0.15	5	0	0	0	0.32272727272727275	0.3333333333333333	0.25	0.8333333333333334	0	0	0	8	-5
AF118454.1	661	AAACCGAAAAATGGCATACA	TRUE	140	7	2	UGUAUGCCAUUUUUCGGUUU	+	TTTC	0.35	0.1	6	0	1	1	0.3181818181818182	0.4666666666666667	0.5	1	0	0.3333333333333333	1	6	-6
AF118454.1	646	AGGGGCGTTCTGCGAAAACC	TRUE	139	7	2	GGUUUUCGCAGAACGCCCCU	+	TTTC	0.6	0.15	6	0	1	1	0.3159090909090909	0.4666666666666667	0.5	1	0	0.3333333333333333	1	12	-7.3
AF118454.1	648	GGGCGTTCTGCGAAAACCGA	TRUE	139	7	2	UCGGUUUUCGCAGAACGCCC	+	TTTT	0.6	0.15	6	0	1	1	0.3159090909090909	0.4666666666666667	0.5	1	0	0.3333333333333333	1	12	-7.6
AF118454.1	647	GGGGCGTTCTGCGAAAACCG	TRUE	139	7	2	CGGUUUUCGCAGAACGCCCC	+	TTTT	0.65	0.15	6	0	1	1	0.3159090909090909	0.4666666666666667	0.5	1	0	0.3333333333333333	1	12	-7.6
KY698419.1	108	GGGGCGTTCTGCGAAATCGC	FALSE	127	5	1	GCGAUUUCGCAGAACGCCCC	+	TTTT	0.65	0.2	5	0	0	0	0.28863636363636364	0.3333333333333333	0.25	0.8333333333333334	0	0	0	7	-8.8
KY698419.1	107	AGGGGCGTTCTGCGAAATCG	TRUE	127	5	1	CGAUUUCGCAGAACGCCCCU	+	TTTG	0.6	0.2	5	0	0	0	0.28863636363636364	0.3333333333333333	0.25	0.8333333333333334	0	0	0	4	-5
KY698419.1	109	GGGCGTTCTGCGAAATCGCA	TRUE	127	5	1	UGCGAUUUCGCAGAACGCCC	+	TTTT	0.6	0.2	5	0	0	0	0.28863636363636364	0.3333333333333333	0.25	0.8333333333333334	0	0	0	8	-9
AF088225.1	679	TGAACGGGGTTTCTGTATGC	TRUE	126	13	4	GCAUACAGAAACCCCGUUCA	-	TTTG	0.5	0.35	6	5	2	1	0.2863636363636364	0.8666666666666667	1	1	0.8333333333333334	0.6666666666666666	1	0	-4.7
AF088225.1	678	GAACGGGGTTTCTGTATGCC	TRUE	126	13	4	GGCAUACAGAAACCCCGUUC	-	TTTT	0.55	0.3	6	5	2	1	0.2863636363636364	0.8666666666666667	1	1	0.8333333333333334	0.6666666666666666	1	0	-4.7
KY698419.1	122	AATCGCAAAAATGGCATACA	FALSE	125	5	1	UGUAUGCCAUUUUUGCGAUU	+	TTTC	0.35	0.15	5	0	0	0	0.2840909090909091	0.3333333333333333	0.25	0.8333333333333334	0	0	0	9	-5.8
KY698424.1	145	ACCCCGTTCAAAAATCCCCC	TRUE	119	6	1	GGGGGAUUUUUGAACGGGGU	+	TTTT	0.55	0.15	6	0	1	0	0.27045454545454545	0.4	0.25	1	0	0.3333333333333333	0	0	-4.7
KY698424.1	144	AACCCCGTTCAAAAATCCCC	FALSE	118	6	1	GGGGAUUUUUGAACGGGGUU	+	TTTG	0.5	0.15	6	0	1	0	0.2681818181818182	0.4	0.25	1	0	0.3333333333333333	0	7	-4.9
AF118454.1	675	CATACAGAAACCCCGTTCAA	TRUE	106	6	2	UUGAACGGGGUUUCUGUAUG	+	TTTT	0.45	0.15	5	0	0	1	0.2409090909090909	0.4	0.5	0.8333333333333334	0	0	1	8	-6.7
AF088233.1	690	AACGGGGTTTCTGTATGCCA	TRUE	83	9	4	UGGCAUACAGAAACCCCGUU	-	TTTT	0.5	0.3	6	1	2	1	0.18863636363636363	0.6	1	1	0.16666666666666666	0.6666666666666666	1	0	-4.7
AF118454.1	684	ACCCCGTTCAAAAAATGCCC	TRUE	72	6	2	GGGCAUUUUUUGAACGGGGU	+	TTTC	0.5	0.15	5	0	0	1	0.16363636363636364	0.4	0.5	0.8333333333333334	0	0	1	6	-5.7
AF118454.1	685	CCCCGTTCAAAAAATGCCCG	FALSE	72	6	2	CGGGCAUUUUUUGAACGGGG	+	TTTT	0.55	0.15	5	0	0	1	0.16363636363636364	0.4	0.5	0.8333333333333334	0	0	1	9	-8.2
KY698420.1	180	AATTGTGCACGGGGAGGCCG	FALSE	55	5	1	CGGCCUCCCCGUGCACAAUU	-	TTTT	0.65	0.15	5	0	0	0	0.125	0.3333333333333333	0.25	0.8333333333333334	0	0	0	11	-6.3
KY698420.1	179	ATTGTGCACGGGGAGGCCGA	TRUE	55	5	1	UCGGCCUCCCCGUGCACAAU	-	TTTT	0.65	0.15	5	0	0	0	0.125	0.3333333333333333	0.25	0.8333333333333334	0	0	0	6	-6.1
KY698421.1	145	ACCCCGTTCAAAAATACCCC	TRUE	40	5	1	GGGGUAUUUUUGAACGGGGU	+	TTTT	0.5	0.15	5	0	0	0	0.09090909090909093	0.3333333333333333	0.25	0.8333333333333334	0	0	0	0	-4.7
KY698421.1	144	AACCCCGTTCAAAAATACCC	TRUE	39	5	1	GGGUAUUUUUGAACGGGGUU	+	TTTG	0.45	0.15	5	0	0	0	0.08863636363636364	0.3333333333333333	0.25	0.8333333333333334	0	0	0	0	-4.7
KY698448.1	122	AATCGCATTTTTGGCATACA	FALSE	38	4	1	UGUAUGCCAAAAAUGCGAUU	+	TTTC	0.35	0.35	4	0	0	0	0.08636363636363636	0.26666666666666666	0.25	0.6666666666666666	0	0	0	11	-7.6
KY698448.1	146	CCCCGTTCAAAAATTCACGA	FALSE	35	4	1	UCGUGAAUUUUUGAACGGGG	+	TTTT	0.45	0.2	4	0	0	0	0.07954545454545454	0.26666666666666666	0.25	0.6666666666666666	0	0	0	9	-6.4
KY698448.1	144	AACCCCGTTCAAAAATTCAC	FALSE	35	4	1	GUGAAUUUUUGAACGGGGUU	+	TTTC	0.4	0.2	4	0	0	0	0.07954545454545454	0.26666666666666666	0.25	0.6666666666666666	0	0	0	2	-4.8
KY698448.1	145	ACCCCGTTCAAAAATTCACG	FALSE	35	4	1	CGUGAAUUUUUGAACGGGGU	+	TTTT	0.45	0.2	4	0	0	0	0.07954545454545454	0.26666666666666666	0.25	0.6666666666666666	0	0	0	7	-5.9
KY698419.1	145	ACCCCGTTCAAAAATCCTCG	FALSE	34	5	1	CGAGGAUUUUUGAACGGGGU	+	TTTT	0.5	0.2	5	0	0	0	0.07727272727272727	0.3333333333333333	0.25	0.8333333333333334	0	0	0	9	-5.6
KY698422.1	146	CCCCGTTCAAAAATACCCCA	TRUE	33	5	1	UGGGGUAUUUUUGAACGGGG	+	TTTT	0.5	0.15	5	0	0	0	0.075	0.3333333333333333	0.25	0.8333333333333334	0	0	0	0	-4.7
KY698419.1	144	AACCCCGTTCAAAAATCCTC	TRUE	32	5	1	GAGGAUUUUUGAACGGGGUU	+	TTTC	0.45	0.2	5	0	0	0	0.07272727272727272	0.3333333333333333	0.25	0.8333333333333334	0	0	0	0	-4.7
KY698419.1	146	CCCCGTTCAAAAATCCTCGA	FALSE	32	5	1	UCGAGGAUUUUUGAACGGGG	+	TTTT	0.5	0.2	5	0	0	0	0.07272727272727272	0.3333333333333333	0.25	0.8333333333333334	0	0	0	11	-6.3
KY698418.1	172	ACGGGGAGGCCAAAAATCGT	TRUE	27	5	1	ACGAUUUUUGGCCUCCCCGU	-	TTTC	0.55	0.1	5	0	0	0	0.06136363636363636	0.3333333333333333	0.25	0.8333333333333334	0	0	0	0	-4.7
KY698418.1	171	CGGGGAGGCCAAAAATCGTG	TRUE	27	5	1	CACGAUUUUUGGCCUCCCCG	-	TTTT	0.6	0.1	5	0	0	0	0.06136363636363636	0.3333333333333333	0.25	0.8333333333333334	0	0	0	0	-4.7
AF118458.1	669	AATTCGATTTTTGGCATACA	TRUE	26	7	3	UGUAUGCCAAAAAUCGAAUU	+	TTTC	0.3	0.4	5	0	1	1	0.05909090909090909	0.4666666666666667	0.75	0.8333333333333334	0	0.3333333333333333	1	0	-4.7
AF088227.1	650	AGGGGCGTTCTGCGAAATTC	TRUE	24	6	2	GAAUUUCGCAGAACGCCCCU	+	TTTC	0.55	0.25	5	1	0	0	0.05454545454545454	0.4	0.5	0.8333333333333334	0.16666666666666666	0	0	4	-5
AF088227.1	651	GGGGCGTTCTGCGAAATTCG	TRUE	24	6	2	CGAAUUUCGCAGAACGCCCC	+	TTTT	0.6	0.25	5	1	0	0	0.05454545454545454	0.4	0.5	0.8333333333333334	0.16666666666666666	0	0	4	-5
AF088227.1	652	GGGCGTTCTGCGAAATTCGA	TRUE	24	6	2	UCGAAUUUCGCAGAACGCCC	+	TTTT	0.55	0.25	5	1	0	0	0.05454545454545454	0.4	0.5	0.8333333333333334	0.16666666666666666	0	0	4	-5
KY698434.1	122	AATTCGAAAAATGGCATACA	TRUE	23	5	1	UGUAUGCCAUUUUUCGAAUU	+	TTTC	0.3	0.2	5	0	0	0	0.05227272727272727	0.3333333333333333	0.25	0.8333333333333334	0	0	0	0	-4.7
KY698433.1	146	CCCCGTTCAAAAATTGCCCG	FALSE	21	4	1	CGGGCAAUUUUUGAACGGGG	+	TTTT	0.55	0.2	4	0	0	0	0.04772727272727273	0.26666666666666666	0.25	0.6666666666666666	0	0	0	11	-7.7
KY698433.1	145	ACCCCGTTCAAAAATTGCCC	TRUE	21	4	1	GGGCAAUUUUUGAACGGGGU	+	TTTC	0.5	0.2	4	0	0	0	0.04772727272727273	0.26666666666666666	0.25	0.6666666666666666	0	0	0	8	-5.2
KY698419.1	234	GGCTAGAGTTAGAATGCCAT	TRUE	20	5	1	AUGGCAUUCUAACUCUAGCC	+	TTTC	0.45	0.25	5	0	0	0	0.04545454545454545	0.3333333333333333	0.25	0.8333333333333334	0	0	0	6	-6.2
KY698420.1	145	ACCCCGTTCAAAAATCACCC	TRUE	19	5	1	GGGUGAUUUUUGAACGGGGU	+	TTTT	0.5	0.15	5	0	0	0	0.04318181818181818	0.3333333333333333	0.25	0.8333333333333334	0	0	0	0	-4.7
KY698420.1	256	AAGTGGCCTCTAAGGCCTTA	TRUE	17	4	1	UAAGGCCUUAGAGGCCACUU	+	TTTA	0.5	0.25	4	0	0	0	0.03863636363636363	0.26666666666666666	0.25	0.6666666666666666	0	0	0	10	-12.4
KY698426.1	44	GGAGTCGACTCCTTACCCCG	TRUE	17	5	1	CGGGGUAAGGAGUCGACUCC	+	TTTG	0.65	0.2	5	0	0	0	0.03863636363636363	0.3333333333333333	0.25	0.8333333333333334	0	0	0	8	-8.2
KY698426.1	46	AGTCGACTCCTTACCCCGCA	FALSE	17	5	1	UGCGGGGUAAGGAGUCGACU	+	TTTT	0.6	0.2	5	0	0	0	0.03863636363636363	0.3333333333333333	0.25	0.8333333333333334	0	0	0	12	-5.1
KY698426.1	56	TTACCCCGCAAAAATGGGGG	TRUE	17	5	1	CCCCCAUUUUUGCGGGGUAA	+	TTTG	0.55	0.15	5	0	0	0	0.03863636363636363	0.3333333333333333	0.25	0.8333333333333334	0	0	0	12	-12.5
KY698426.1	45	GAGTCGACTCCTTACCCCGC	FALSE	17	5	1	GCGGGGUAAGGAGUCGACUC	+	TTTT	0.65	0.2	5	0	0	0	0.03863636363636363	0.3333333333333333	0.25	0.8333333333333334	0	0	0	11	-5
KY698420.1	257	AGTGGCCTCTAAGGCCTTAT	TRUE	16	4	1	AUAAGGCCUUAGAGGCCACU	+	TTTT	0.5	0.3	4	0	0	0	0.03636363636363636	0.26666666666666666	0.25	0.6666666666666666	0	0	0	10	-12.4
KY698427.1	122	AATCGCGATTTTGGCATACA	TRUE	15	5	1	UGUAUGCCAAAAUCGCGAUU	+	TTTC	0.4	0.3	5	0	0	0	0.03409090909090909	0.3333333333333333	0.25	0.8333333333333334	0	0	0	0	-4.7
KY698426.1	122	AAACCGAATTTTGGCATACA	TRUE	15	5	1	UGUAUGCCAAAAUUCGGUUU	+	TTTC	0.35	0.25	5	0	0	0	0.03409090909090909	0.3333333333333333	0.25	0.8333333333333334	0	0	0	6	-6
AF088233.1	679	AAATCGATTTTTGGCATACA	TRUE	15	6	2	UGUAUGCCAAAAAUCGAUUU	+	TTTC	0.3	0.35	5	1	0	0	0.03409090909090909	0.4	0.5	0.8333333333333334	0.16666666666666666	0	0	0	-4.7
KY698426.1	146	CCCCGTTCAAAAATCACCCG	FALSE	13	4	1	CGGGUGAUUUUUGAACGGGG	+	TTTT	0.55	0.15	4	0	0	0	0.02954545454545454	0.26666666666666666	0.25	0.6666666666666666	0	0	0	9	-5.1
KY698462.1	108	GGGGCGTTCTGCGAAAATGG	TRUE	12	4	1	CCAUUUUCGCAGAACGCCCC	+	TTTT	0.6	0.2	4	0	0	0	0.02727272727272727	0.26666666666666666	0.25	0.6666666666666666	0	0	0	4	-5
KY698462.1	107	AGGGGCGTTCTGCGAAAATG	TRUE	12	4	1	CAUUUUCGCAGAACGCCCCU	+	TTTC	0.55	0.2	4	0	0	0	0.02727272727272727	0.26666666666666666	0.25	0.6666666666666666	0	0	0	4	-5
KY698462.1	109	GGGCGTTCTGCGAAAATGGA	TRUE	12	4	1	UCCAUUUUCGCAGAACGCCC	+	TTTT	0.55	0.2	4	0	0	0	0.02727272727272727	0.26666666666666666	0.25	0.6666666666666666	0	0	0	4	-5
KY698462.1	122	AAATGGAAAAATGGCATACA	TRUE	12	4	1	UGUAUGCCAUUUUUCCAUUU	+	TTTC	0.3	0.15	4	0	0	0	0.02727272727272727	0.26666666666666666	0.25	0.6666666666666666	0	0	0	0	-4.7
KY698513.1	144	AACCCCGTTCAAAAATTGAC	TRUE	11	4	1	GUCAAUUUUUGAACGGGGUU	+	TTTG	0.4	0.2	4	0	0	0	0.025	0.26666666666666666	0.25	0.6666666666666666	0	0	0	0	-4.7
KY698427.1	144	AACCCCGTTCAAAAATTCGT	TRUE	11	4	1	ACGAAUUUUUGAACGGGGUU	+	TTTG	0.4	0.25	4	0	0	0	0.025	0.26666666666666666	0.25	0.6666666666666666	0	0	0	0	-4.7
KY698513.1	145	ACCCCGTTCAAAAATTGACC	TRUE	11	4	1	GGUCAAUUUUUGAACGGGGU	+	TTTT	0.45	0.2	4	0	0	0	0.025	0.26666666666666666	0.25	0.6666666666666666	0	0	0	0	-4.7
KY698426.1	57	TACCCCGCAAAAATGGGGGC	FALSE	11	5	1	GCCCCCAUUUUUGCGGGGUA	+	TTTT	0.6	0.1	5	0	0	0	0.025	0.3333333333333333	0.25	0.8333333333333334	0	0	0	15	-15.1
KY698513.1	146	CCCCGTTCAAAAATTGACCA	FALSE	11	4	1	UGGUCAAUUUUUGAACGGGG	+	TTTT	0.45	0.2	4	0	0	0	0.025	0.26666666666666666	0.25	0.6666666666666666	0	0	0	13	-5
AF118454.1	33	CAGCTCAGGTTAGAACTCGA	TRUE	10	3	2	UCGAGUUCUAACCUGAGCUG	+	TTTA	0.5	0.2	2	0	0	1	0.02272727272727272	0.2	0.5	0.3333333333333333	0	0	1	10	-9.7
KY698426.1	263	CTCTAAGGCCTTATAAAATT	TRUE	10	4	1	AAUUUUAUAAGGCCUUAGAG	+	TTTA	0.3	0.35	4	0	0	0	0.02272727272727272	0.26666666666666666	0.25	0.6666666666666666	0	0	0	0	-4.7
KY698455.1	255	AAATAGGCCTCTTAGAGGCT	TRUE	10	4	1	AGCCUCUAAGAGGCCUAUUU	+	TTTA	0.45	0.25	4	0	0	0	0.02272727272727272	0.26666666666666666	0.25	0.6666666666666666	0	0	0	10	-11.5
AF118457.1	33	CGACTCGGGCTAGCTCTCGT	TRUE	9	3	2	ACGAGAGCUAGCCCGAGUCG	+	TTTC	0.65	0.25	2	0	0	1	0.02045454545454545	0.2	0.5	0.3333333333333333	0	0	1	0	-4.7
AF118467.1	56	AACTGGCCTCTAAGGCCTTA	TRUE	9	4	2	UAAGGCCUUAGAGGCCAGUU	+	TTTA	0.5	0.25	3	0	0	1	0.02045454545454545	0.26666666666666666	0.5	0.5	0	0	1	10	-12.4
AF118454.1	34	AGCTCAGGTTAGAACTCGAT	TRUE	8	3	2	AUCGAGUUCUAACCUGAGCU	+	TTTT	0.45	0.25	2	0	0	1	0.01818181818181818	0.2	0.5	0.3333333333333333	0	0	1	10	-8.9
KY698489.1	255	AATGTGGCCTCTTAGAGGCT	TRUE	8	4	1	AGCCUCUAAGAGGCCACAUU	+	TTTA	0.5	0.3	4	0	0	0	0.01818181818181818	0.26666666666666666	0.25	0.6666666666666666	0	0	0	10	-11.5
AF118468.1	677	ACCCCGTTCAAAAATAGCCC	TRUE	8	5	2	GGGCUAUUUUUGAACGGGGU	+	TTTC	0.5	0.15	4	0	0	1	0.01818181818181818	0.3333333333333333	0.5	0.6666666666666666	0	0	1	0	-4.7
KY698419.1	256	AATAGGCCTCTTAGAGGCTT	TRUE	8	5	1	AAGCCUCUAAGAGGCCUAUU	+	TTTA	0.45	0.3	5	0	0	0	0.01818181818181818	0.3333333333333333	0.25	0.8333333333333334	0	0	0	10	-11.5
AF118454.1	218	ATGAGAGATAATAACGTTAT	TRUE	7	2	2	AUAACGUUAUUAUCUCUCAU	-	TTTA	0.25	0.3	1	0	0	1	0.0159090909090909	0.13333333333333333	0.5	0.16666666666666666	0	0	1	0	-4.7
AF088225.1	688	AACCCCGTTCAAAAATTCCC	FALSE	7	5	3	GGGAAUUUUUGAACGGGGUU	+	TTTG	0.45	0.2	3	1	0	1	0.0159090909090909	0.3333333333333333	0.75	0.5	0.16666666666666666	0	1	7	-5.3
KY698420.1	264	TCTAAGGCCTTATAAAATTG	TRUE	7	4	1	CAAUUUUAUAAGGCCUUAGA	+	TTTC	0.3	0.35	4	0	0	0	0.0159090909090909	0.26666666666666666	0.25	0.6666666666666666	0	0	0	0	-4.7
AF118454.1	213	AGATAATAACGTTATTAAAT	FALSE	7	2	2	AUUUAAUAACGUUAUUAUCU	-	TTTA	0.15	0.35	1	0	0	1	0.0159090909090909	0.13333333333333333	0.5	0.16666666666666666	0	0	1	3	-4.9
AF118468.1	678	CCCCGTTCAAAAATAGCCCG	FALSE	7	5	2	CGGGCUAUUUUUGAACGGGG	+	TTTT	0.55	0.15	4	0	0	1	0.0159090909090909	0.3333333333333333	0.5	0.6666666666666666	0	0	1	7	-6.7
AF118454.1	497	ACTAGTATATTATCATTTAA	TRUE	6	1	1	UUAAAUGAUAAUAUACUAGU	-	TTTA	0.15	0.45	0	0	0	1	0.01363636363636363	0.06666666666666667	0.25	0	0	0	1	0	-4.7
AF118454.1	110	GAACAATAATTTTCCCAAAG	TRUE	6	1	1	CUUUGGGAAAAUUAUUGUUC	-	TTTG	0.3	0.25	0	0	0	1	0.01363636363636363	0.06666666666666667	0.25	0	0	0	1	0	-4.7
AF118454.1	63	CTCTAAGAGGCTTGTTTTTA	TRUE	6	2	2	UAAAAACAAGCCUCUUAGAG	+	TTTA	0.35	0.45	1	0	0	1	0.01363636363636363	0.13333333333333333	0.5	0.16666666666666666	0	0	1	0	-4.7
KY698420.1	146	CCCCGTTCAAAAATCACCCA	TRUE	6	5	1	UGGGUGAUUUUUGAACGGGG	+	TTTT	0.5	0.15	5	0	0	0	0.01363636363636363	0.3333333333333333	0.25	0.8333333333333334	0	0	0	0	-4.7
AF118454.1	442	CAAAAGATAAACAAAGTTAA	TRUE	6	1	1	UUAACUUUGUUUAUCUUUUG	-	TTTG	0.2	0.15	0	0	0	1	0.01363636363636363	0.06666666666666667	0.25	0	0	0	1	0	-4.7
AF088235.1	675	AATTCGAATTTTGGCATACA	TRUE	6	5	3	UGUAUGCCAAAAUUCGAAUU	+	TTTC	0.3	0.35	3	1	0	1	0.01363636363636363	0.3333333333333333	0.75	0.5	0.16666666666666666	0	1	0	-4.7
AF118454.1	557	CGCCACCACACTAGTATAGC	TRUE	6	1	1	GCUAUACUAGUGUGGUGGCG	-	TTTA	0.55	0.15	0	0	0	1	0.01363636363636363	0.06666666666666667	0.25	0	0	0	1	14	-10
AF118454.1	115	TTAGCGAACAATAATTTTCC	FALSE	6	1	1	GGAAAAUUAUUGUUCGCUAA	-	TTTG	0.3	0.35	0	0	0	1	0.01363636363636363	0.06666666666666667	0.25	0	0	0	1	11	-5.4
AF118454.1	109	AACAATAATTTTCCCAAAGC	TRUE	6	1	1	GCUUUGGGAAAAUUAUUGUU	-	TTTT	0.3	0.25	0	0	0	1	0.01363636363636363	0.06666666666666667	0.25	0	0	0	1	0	-4.7
AF118454.1	596	AAATCATCAAAATTAGGGTC	TRUE	6	1	1	GACCCUAAUUUUGAUGAUUU	+	TTTT	0.3	0.25	0	0	0	1	0.01363636363636363	0.06666666666666667	0.25	0	0	0	1	0	-4.7
AF118454.1	76	GTTTTTATAAATTTAGATTT	TRUE	6	1	1	AAAUCUAAAUUUAUAAAAAC	+	TTTA	0.1	0.6	0	0	0	1	0.01363636363636363	0.06666666666666667	0.25	0	0	0	1	0	-4.7
AF118454.1	96	TAAATATTGTTTTGCTTTGG	TRUE	6	1	1	CCAAAGCAAAACAAUAUUUA	+	TTTC	0.25	0.55	0	0	0	1	0.01363636363636363	0.06666666666666667	0.25	0	0	0	1	0	-4.7
AF118454.1	97	AAATATTGTTTTGCTTTGGG	TRUE	6	1	1	CCCAAAGCAAAACAAUAUUU	+	TTTT	0.3	0.5	0	0	0	1	0.01363636363636363	0.06666666666666667	0.25	0	0	0	1	0	-4.7
AF118454.1	112	TTGGGAAAATTATTGTTCGC	TRUE	6	1	1	GCGAACAAUAAUUUUCCCAA	+	TTTA	0.35	0.4	0	0	0	1	0.01363636363636363	0.06666666666666667	0.25	0	0	0	1	0	-4.7
AF118454.1	117	AAAATTATTGTTCGCTAAAT	FALSE	6	1	1	AUUUAGCGAACAAUAAUUUU	+	TTTA	0.2	0.4	0	0	0	1	0.01363636363636363	0.06666666666666667	0.25	0	0	0	1	3	-4.9
AF118454.1	284	TGTTATAGGTTGGACATTAC	TRUE	6	1	1	GUAAUGUCCAACCUAUAACA	+	TTTG	0.35	0.4	0	0	0	1	0.01363636363636363	0.06666666666666667	0.25	0	0	0	1	0	-4.7
AF118454.1	478	ACATCTTAGTGATAGTTTAT	TRUE	6	1	1	AUAAACUAUCACUAAGAUGU	+	TTTA	0.25	0.45	0	0	0	1	0.01363636363636363	0.06666666666666667	0.25	0	0	0	1	8	-5.3
AF118454.1	565	AGTGTGGTGGCGCTGTGTTA	TRUE	6	1	1	UAACACAGCGCCACCACACU	+	TTTC	0.55	0.35	0	0	0	1	0.01363636363636363	0.06666666666666667	0.25	0	0	0	1	0	-4.7
AF118454.1	575	CGCTGTGTTAGAAATAATTA	FALSE	6	1	1	UAAUUAUUUCUAACACAGCG	+	TTTA	0.3	0.35	0	0	0	1	0.01363636363636363	0.06666666666666667	0.25	0	0	0	1	5	-4.9
AF118454.1	583	TAGAAATAATTATAAATCAT	TRUE	6	1	1	AUGAUUUAUAAUUAUUUCUA	+	TTTG	0.1	0.35	0	0	0	1	0.01363636363636363	0.06666666666666667	0.25	0	0	0	1	0	-4.7
AF118454.1	584	AGAAATAATTATAAATCATC	TRUE	6	1	1	GAUGAUUUAUAAUUAUUUCU	+	TTTT	0.15	0.3	0	0	0	1	0.01363636363636363	0.06666666666666667	0.25	0	0	0	1	14	-5.5
AF118454.1	595	TAAATCATCAAAATTAGGGT	TRUE	6	1	1	ACCCUAAUUUUGAUGAUUUA	+	TTTG	0.25	0.3	0	0	0	1	0.01363636363636363	0.06666666666666667	0.25	0	0	0	1	0	-4.7
AF118454.1	82	TATTTAAAATCTAAATTTAT	TRUE	6	1	1	AUAAAUUUAGAUUUUAAAUA	-	TTTT	0.05	0.5	0	0	0	1	0.01363636363636363	0.06666666666666667	0.25	0	0	0	1	0	-4.7
AF118458.1	719	ACGGGGAGGCCAAAAAACGC	TRUE	6	4	2	GCGUUUUUUGGCCUCCCCGU	-	TTTC	0.6	0	3	0	0	1	0.01363636363636363	0.26666666666666666	0.5	0.5	0	0	1	4	-5.8
AF118458.1	718	CGGGGAGGCCAAAAAACGCG	TRUE	6	4	2	CGCGUUUUUUGGCCUCCCCG	-	TTTT	0.65	0	3	0	0	1	0.01363636363636363	0.26666666666666666	0.5	0.5	0	0	1	4	-6.1
AF118458.1	717	GGGGAGGCCAAAAAACGCGA	TRUE	6	4	2	UCGCGUUUUUUGGCCUCCCC	-	TTTT	0.6	0	3	0	0	1	0.01363636363636363	0.26666666666666666	0.5	0.5	0	0	1	4	-6.1
KY698420.1	144	AACCCCGTTCAAAAATCACC	TRUE	6	5	1	GGUGAUUUUUGAACGGGGUU	+	TTTG	0.45	0.15	5	0	0	0	0.01363636363636363	0.3333333333333333	0.25	0.8333333333333334	0	0	0	0	-4.7
KY698458.1	234	AGCTCAGGTTAGATTGGTGC	TRUE	6	4	1	GCACCAAUCUAACCUGAGCU	+	TTTC	0.5	0.3	4	0	0	0	0.01363636363636363	0.26666666666666666	0.25	0.6666666666666666	0	0	0	0	-4.7
AF118454.1	81	ATTTAAAATCTAAATTTATA	TRUE	6	1	1	UAUAAAUUUAGAUUUUAAAU	-	TTTT	0.05	0.45	0	0	0	1	0.01363636363636363	0.06666666666666667	0.25	0	0	0	1	0	-4.7
AF118454.1	98	TCCCAAAGCAAAACAATATT	TRUE	6	1	1	AAUAUUGUUUUGCUUUGGGA	-	TTTA	0.3	0.2	0	0	0	1	0.01363636363636363	0.06666666666666667	0.25	0	0	0	1	0	-4.7
AF118454.1	97	CCCAAAGCAAAACAATATTT	TRUE	6	1	1	AAAUAUUGUUUUGCUUUGGG	-	TTTT	0.3	0.2	0	0	0	1	0.01363636363636363	0.06666666666666667	0.25	0	0	0	1	0	-4.7
AF118454.1	83	ATATTTAAAATCTAAATTTA	TRUE	6	1	1	UAAAUUUAGAUUUUAAAUAU	-	TTTA	0.05	0.45	0	0	0	1	0.01363636363636363	0.06666666666666667	0.25	0	0	0	1	0	-4.7
AF118454.1	91	GCAAAACAATATTTAAAATC	TRUE	6	1	1	GAUUUUAAAUAUUGUUUUGC	-	TTTA	0.2	0.25	0	0	0	1	0.01363636363636363	0.06666666666666667	0.25	0	0	0	1	0	-4.7
AF118467.1	573	CACTATAAACAACATCATAA	TRUE	5	1	1	UUAUGAUGUUGUUUAUAGUG	-	TTTG	0.25	0.2	0	0	0	1	0.01136363636363636	0.06666666666666667	0.25	0	0	0	1	12	-5.9
AF118467.1	605	CCTGAATTTAATAAAATTTA	TRUE	5	1	1	UAAAUUUUAUUAAAUUCAGG	-	TTTT	0.15	0.4	0	0	0	1	0.01136363636363636	0.06666666666666667	0.25	0	0	0	1	0	-4.7
AF118467.1	588	TTAAAAATATAATCCCACTA	FALSE	5	1	1	UAGUGGGAUUAUAUUUUUAA	-	TTTA	0.2	0.3	0	0	0	1	0.01136363636363636	0.06666666666666667	0.25	0	0	0	1	8	-7.9
AF118467.1	143	ACCAAATAAAACTTAATTTT	TRUE	5	1	1	AAAAUUAAGUUUUAUUUGGU	-	TTTA	0.15	0.35	0	0	0	1	0.01136363636363636	0.06666666666666667	0.25	0	0	0	1	0	-4.7
AF118467.1	606	ACCTGAATTTAATAAAATTT	TRUE	5	1	1	AAAUUUUAUUAAAUUCAGGU	-	TTTT	0.15	0.4	0	0	0	1	0.01136363636363636	0.06666666666666667	0.25	0	0	0	1	0	-4.7
AF118467.1	561	CATCATAACAAACCGATACA	TRUE	5	1	1	UGUAUCGGUUUGUUAUGAUG	-	TTTA	0.35	0.15	0	0	0	1	0.01136363636363636	0.06666666666666667	0.25	0	0	0	1	10	-5.8
AF118455.1	445	AGCTTAGCACAAAAGATAAA	FALSE	5	2	2	UUUAUCUUUUGUGCUAAGCU	-	TTTG	0.3	0.15	1	0	0	1	0.01136363636363636	0.13333333333333333	0.5	0.16666666666666666	0	0	1	3	-6.1
AF118467.1	607	GACCTGAATTTAATAAAATT	TRUE	5	1	1	AAUUUUAUUAAAUUCAGGUC	-	TTTA	0.2	0.35	0	0	0	1	0.01136363636363636	0.06666666666666667	0.25	0	0	0	1	0	-4.7
AF118467.1	613	GATTTTGACCTGAATTTAAT	FALSE	5	1	1	AUUAAAUUCAGGUCAAAAUC	-	TTTT	0.25	0.45	0	0	0	1	0.01136363636363636	0.06666666666666667	0.25	0	0	0	1	4	-6.5
AF118467.1	614	CGATTTTGACCTGAATTTAA	TRUE	5	1	1	UUAAAUUCAGGUCAAAAUCG	-	TTTA	0.3	0.4	0	0	0	1	0.01136363636363636	0.06666666666666667	0.25	0	0	0	1	0	-4.7
AF118467.1	142	CCAAATAAAACTTAATTTTT	TRUE	5	1	1	AAAAAUUAAGUUUUAUUUGG	-	TTTT	0.15	0.4	0	0	0	1	0.01136363636363636	0.06666666666666667	0.25	0	0	0	1	0	-4.7
AF118467.1	138	ATAAAACTTAATTTTTAAAA	TRUE	5	1	1	UUUUAAAAAUUAAGUUUUAU	-	TTTA	0.05	0.4	0	0	0	1	0.01136363636363636	0.06666666666666667	0.25	0	0	0	1	0	-4.7
KY698435.1	262	CCTCTTAGAGGCTTGATTTT	TRUE	5	4	1	AAAAUCAAGCCUCUAAGAGG	+	TTTA	0.4	0.45	4	0	0	0	0.01136363636363636	0.26666666666666666	0.25	0.6666666666666666	0	0	0	8	-7.3
AF118467.1	547	GATACATAAAATTAAGTTAA	TRUE	5	1	1	UUAACUUAAUUUUAUGUAUC	-	TTTG	0.15	0.3	0	0	0	1	0.01136363636363636	0.06666666666666667	0.25	0	0	0	1	0	-4.7
AF118455.1	449	CGATAGCTTAGCACAAAAGA	TRUE	5	2	2	UCUUUUGUGCUAAGCUAUCG	-	TTTA	0.4	0.15	1	0	0	1	0.01136363636363636	0.13333333333333333	0.5	0.16666666666666666	0	0	1	0	-4.7
KY698491.1	56	CTTACCCCGCAAAAATGGGG	TRUE	5	4	1	CCCCAUUUUUGCGGGGUAAG	+	TTTC	0.55	0.15	4	0	0	0	0.01136363636363636	0.26666666666666666	0.25	0.6666666666666666	0	0	0	8	-11.3
AF118467.1	560	ATCATAACAAACCGATACAT	TRUE	5	1	1	AUGUAUCGGUUUGUUAUGAU	-	TTTT	0.3	0.2	0	0	0	1	0.01136363636363636	0.06666666666666667	0.25	0	0	0	1	8	-4.8
AF118467.1	222	AGATGTAATATGAATAAACA	TRUE	5	1	1	UGUUUAUUCAUAUUACAUCU	-	TTTA	0.2	0.25	0	0	0	1	0.01136363636363636	0.06666666666666667	0.25	0	0	0	1	0	-4.7
AF118467.1	606	AAATTTTATTAAATTCAGGT	TRUE	5	1	1	ACCUGAAUUUAAUAAAAUUU	+	TTTG	0.15	0.45	0	0	0	1	0.01136363636363636	0.06666666666666667	0.25	0	0	0	1	0	-4.7
AF088235.1	62	CCTCTTAGAGGCTTTAAAAT	FALSE	5	5	2	AUUUUAAAGCCUCUAAGAGG	+	TTTA	0.35	0.35	4	1	0	0	0.01136363636363636	0.3333333333333333	0.5	0.6666666666666666	0.16666666666666666	0	0	11	-7.5
AF118467.1	585	TTATAGTGGGATTATATTTT	TRUE	5	1	1	AAAAUAUAAUCCCACUAUAA	+	TTTA	0.2	0.55	0	0	0	1	0.01136363636363636	0.06666666666666667	0.25	0	0	0	1	0	-4.7
AF118467.1	595	ATTATATTTTTAAATTTTAT	TRUE	5	1	1	AUAAAAUUUAAAAAUAUAAU	+	TTTA	0	0.65	0	0	0	1	0.01136363636363636	0.06666666666666667	0.25	0	0	0	1	0	-4.7
AF118467.1	123	TTGATAATATCTTTATTTTA	TRUE	5	1	1	UAAAAUAAAGAUAUUAUCAA	+	TTTT	0.1	0.6	0	0	0	1	0.01136363636363636	0.06666666666666667	0.25	0	0	0	1	0	-4.7
AF118467.1	122	CTTGATAATATCTTTATTTT	TRUE	5	1	1	AAAAUAAAGAUAUUAUCAAG	+	TTTT	0.15	0.6	0	0	0	1	0.01136363636363636	0.06666666666666667	0.25	0	0	0	1	0	-4.7
AF118467.1	121	ACTTGATAATATCTTTATTT	TRUE	5	1	1	AAAUAAAGAUAUUAUCAAGU	+	TTTA	0.15	0.55	0	0	0	1	0.01136363636363636	0.06666666666666667	0.25	0	0	0	1	0	-4.7
AF118467.1	63	CTCTAAGGCCTTATAAATTT	TRUE	5	1	1	AAAUUUAUAAGGCCUUAGAG	+	TTTA	0.3	0.4	0	0	0	1	0.01136363636363636	0.06666666666666667	0.25	0	0	0	1	0	-4.7
AF118467.1	34	CACTGAGGTTAGGATGGCGT	TRUE	5	1	1	ACGCCAUCCUAACCUCAGUG	+	TTTC	0.55	0.25	0	0	0	1	0.01136363636363636	0.06666666666666667	0.25	0	0	0	1	0	-4.7
AF118467.1	203	ATAAACATAAACATAATAAT	FALSE	5	1	1	AUUAUUAUGUUUAUGUUUAU	-	TTTA	0.1	0.25	0	0	0	1	0.01136363636363636	0.06666666666666667	0.25	0	0	0	1	4	-6.3
AF118467.1	216	AATATGAATAAACATAAACA	TRUE	5	1	1	UGUUUAUGUUUAUUCAUAUU	-	TTTA	0.15	0.2	0	0	0	1	0.01136363636363636	0.06666666666666667	0.25	0	0	0	1	8	-5.7
AF118467.1	264	TGTATAACTGAGCTAACCAA	TRUE	5	1	1	UUGGUUAGCUCAGUUAUACA	-	TTTA	0.35	0.25	0	0	0	1	0.01136363636363636	0.06666666666666667	0.25	0	0	0	1	12	-6.5
AF118467.1	522	ATGTAAATAAATGTAATAGA	FALSE	5	1	1	UCUAUUACAUUUAUUUACAU	-	TTTA	0.15	0.3	0	0	0	1	0.01136363636363636	0.06666666666666667	0.25	0	0	0	1	8	-5.1
AF118467.1	607	AATTTTATTAAATTCAGGTC	TRUE	5	1	1	GACCUGAAUUUAAUAAAAUU	+	TTTT	0.2	0.45	0	0	0	1	0.01136363636363636	0.06666666666666667	0.25	0	0	0	1	0	-4.7
AF118467.1	535	TAAGTTAACAAAAATGTAAA	FALSE	5	1	1	UUUACAUUUUUGUUAACUUA	-	TTTA	0.15	0.25	0	0	0	1	0.01136363636363636	0.06666666666666667	0.25	0	0	0	1	3	-6
AF118467.1	539	AAATTAAGTTAACAAAAATG	TRUE	5	1	1	CAUUUUUGUUAACUUAAUUU	-	TTTA	0.15	0.25	0	0	0	1	0.01136363636363636	0.06666666666666667	0.25	0	0	0	1	0	-4.7
AF118467.1	84	GACAACCAAAAGTTAAATTT	TRUE	5	1	1	AAAUUUAACUUUUGGUUGUC	-	TTTT	0.25	0.25	0	0	0	1	0.01136363636363636	0.06666666666666667	0.25	0	0	0	1	10	-5.1
AF118467.1	85	CGACAACCAAAAGTTAAATT	TRUE	5	1	1	AAUUUAACUUUUGGUUGUCG	-	TTTA	0.3	0.2	0	0	0	1	0.01136363636363636	0.06666666666666667	0.25	0	0	0	1	10	-5.1
AF118467.1	545	TACATAAAATTAAGTTAACA	FALSE	5	1	1	UGUUAACUUAAUUUUAUGUA	-	TTTT	0.15	0.3	0	0	0	1	0.01136363636363636	0.06666666666666667	0.25	0	0	0	1	4	-5.3
AF118467.1	546	ATACATAAAATTAAGTTAAC	FALSE	5	1	1	GUUAACUUAAUUUUAUGUAU	-	TTTT	0.15	0.3	0	0	0	1	0.01136363636363636	0.06666666666666667	0.25	0	0	0	1	4	-6.7
KY698421.1	274	TTGTTACGCGTGTTTCTAAC	FALSE	5	4	1	GUUAGAAACACGCGUAACAA	+	TTTA	0.4	0.45	4	0	0	0	0.01136363636363636	0.26666666666666666	0.25	0.6666666666666666	0	0	0	4	-6.7
AF118467.1	119	ATAAAGATATTATCAAGTTT	TRUE	5	1	1	AAACUUGAUAAUAUCUUUAU	-	TTTT	0.15	0.4	0	0	0	1	0.01136363636363636	0.06666666666666667	0.25	0	0	0	1	0	-4.7
AF088235.1	57	ATAGGCCTCTTAGAGGCTTT	TRUE	5	5	2	AAAGCCUCUAAGAGGCCUAU	+	TTTT	0.45	0.35	4	1	0	0	0.01136363636363636	0.3333333333333333	0.5	0.6666666666666666	0.16666666666666666	0	0	10	-11.5
AF118454.1	264	CATTAAAACTATCATTACAA	TRUE	5	1	1	UUGUAAUGAUAGUUUUAAUG	-	TTTA	0.2	0.3	0	0	0	1	0.01136363636363636	0.06666666666666667	0.25	0	0	0	1	0	-4.7
KY698422.1	327	ATATAATAATTTAAATGTTA	TRUE	5	4	1	UAACAUUUAAAUUAUUAUAU	-	TTTC	0.05	0.45	4	0	0	0	0.01136363636363636	0.26666666666666666	0.25	0.6666666666666666	0	0	0	0	-4.7
AF118467.1	120	AATAAAGATATTATCAAGTT	TRUE	5	1	1	AACUUGAUAAUAUCUUUAUU	-	TTTA	0.15	0.35	0	0	0	1	0.01136363636363636	0.06666666666666667	0.25	0	0	0	1	0	-4.7
KY698420.1	270	GCCTTATAAAATTGGAAATT	TRUE	5	4	1	AAUUUCCAAUUUUAUAAGGC	+	TTTT	0.25	0.35	4	0	0	0	0.01136363636363636	0.26666666666666666	0.25	0.6666666666666666	0	0	0	0	-4.7
KY698420.1	269	GGCCTTATAAAATTGGAAAT	FALSE	5	4	1	AUUUCCAAUUUUAUAAGGCC	+	TTTA	0.3	0.3	4	0	0	0	0.01136363636363636	0.26666666666666666	0.25	0.6666666666666666	0	0	0	3	-4.9
AF118455.1	432	AGATAAACAAAGTTAACAAA	FALSE	5	1	1	UUUGUUAACUUUGUUUAUCU	-	TTTC	0.2	0.15	0	0	0	1	0.01136363636363636	0.06666666666666667	0.25	0	0	0	1	3	-5.8
AF118454.1	281	ATGTCCAACCTATAACACAT	TRUE	5	1	1	AUGUGUUAUAGGUUGGACAU	-	TTTA	0.35	0.25	0	0	0	1	0.01136363636363636	0.06666666666666667	0.25	0	0	0	1	10	-6.5
AF118454.1	280	TGTCCAACCTATAACACATT	TRUE	5	1	1	AAUGUGUUAUAGGUUGGACA	-	TTTT	0.35	0.3	0	0	0	1	0.01136363636363636	0.06666666666666667	0.25	0	0	0	1	8	-5.1
AF118454.1	263	ATTAAAACTATCATTACAAT	FALSE	5	1	1	AUUGUAAUGAUAGUUUUAAU	-	TTTT	0.15	0.35	0	0	0	1	0.01136363636363636	0.06666666666666667	0.25	0	0	0	1	4	-6
AF118454.1	258	AACTATCATTACAATAAAAT	FALSE	5	1	1	AUUUUAUUGUAAUGAUAGUU	-	TTTA	0.15	0.3	0	0	0	1	0.01136363636363636	0.06666666666666667	0.25	0	0	0	1	3	-4.9
AF118457.1	453	AACTTAGCATAAAGAGTAAA	FALSE	4	1	1	UUUACUCUUUAUGCUAAGUU	-	TTTA	0.25	0.2	0	0	0	1	0.00909090909090909	0.06666666666666667	0.25	0	0	0	1	11	-6.1
AF118457.1	457	AACTAACTTAGCATAAAGAG	FALSE	4	1	1	CUCUUUAUGCUAAGUUAGUU	-	TTTA	0.3	0.2	0	0	0	1	0.00909090909090909	0.06666666666666667	0.25	0	0	0	1	13	-6.3
KY698456.1	292	TTATTTTTTATTTTATAAGT	TRUE	4	4	1	ACUUAUAAAAUAAAAAAUAA	+	TTTA	0.05	0.7	4	0	0	0	0.00909090909090909	0.26666666666666666	0.25	0.6666666666666666	0	0	0	0	-4.7
KY698477.1	56	ATAGTCAGTGAAAATTCGTA	TRUE	4	4	1	UACGAAUUUUCACUGACUAU	+	TTTA	0.3	0.3	4	0	0	0	0.00909090909090909	0.26666666666666666	0.25	0.6666666666666666	0	0	0	0	-4.7
AF118457.1	479	TCAAACATTAGCTCCAATAA	TRUE	4	1	1	UUAUUGGAGCUAAUGUUUGA	-	TTTA	0.3	0.25	0	0	0	1	0.00909090909090909	0.06666666666666667	0.25	0	0	0	1	10	-6
AF118457.1	498	CAAGAGAACAATTATTAAAT	FALSE	4	1	1	AUUUAAUAAUUGUUCUCUUG	-	TTTG	0.2	0.25	0	0	0	1	0.00909090909090909	0.06666666666666667	0.25	0	0	0	1	3	-4.9
KY698477.1	57	TAGTCAGTGAAAATTCGTAT	TRUE	4	4	1	AUACGAAUUUUCACUGACUA	+	TTTT	0.3	0.35	4	0	0	0	0.00909090909090909	0.26666666666666666	0.25	0.6666666666666666	0	0	0	0	-4.7
KY698477.1	282	AAGAGAAAATTTAAAAAGAT	TRUE	4	4	1	AUCUUUUUAAAUUUUCUCUU	-	TTTT	0.15	0.2	4	0	0	0	0.00909090909090909	0.26666666666666666	0.25	0.6666666666666666	0	0	0	0	-4.7
AF118457.1	540	CTAAGAATTAATTTTATTTT	TRUE	4	1	1	AAAAUAAAAUUAAUUCUUAG	-	TTTA	0.1	0.55	0	0	0	1	0.00909090909090909	0.06666666666666667	0.25	0	0	0	1	0	-4.7
AF118457.1	593	CTCATTTTTGATGATATCAC	FALSE	4	1	1	GUGAUAUCAUCAAAAAUGAG	-	TTTA	0.3	0.45	0	0	0	1	0.00909090909090909	0.06666666666666667	0.25	0	0	0	1	10	-5.2
KY698477.1	283	AAAGAGAAAATTTAAAAAGA	TRUE	4	4	1	UCUUUUUAAAUUUUCUCUUU	-	TTTA	0.15	0.15	4	0	0	0	0.00909090909090909	0.26666666666666666	0.25	0.6666666666666666	0	0	0	0	-4.7
AF118467.1	161	TATTATCCACCGCAATTAAC	FALSE	4	1	1	GUUAAUUGCGGUGGAUAAUA	-	TTTG	0.35	0.3	0	0	0	1	0.00909090909090909	0.06666666666666667	0.25	0	0	0	1	4	-6.7
KY698429.1	262	CCTCTAAGGCCTTATAAAAT	FALSE	4	4	1	AUUUUAUAAGGCCUUAGAGG	+	TTTA	0.35	0.3	4	0	0	0	0.00909090909090909	0.26666666666666666	0.25	0.6666666666666666	0	0	0	3	-4.9
AF118467.1	228	TACGATAGATGTAATATGAA	TRUE	4	1	1	UUCAUAUUACAUCUAUCGUA	-	TTTA	0.25	0.3	0	0	0	1	0.00909090909090909	0.06666666666666667	0.25	0	0	0	1	0	-4.7
AF118457.1	444	TAAAGAGTAAATAAAATTAG	TRUE	4	1	1	CUAAUUUUAUUUACUCUUUA	-	TTTA	0.15	0.25	0	0	0	1	0.00909090909090909	0.06666666666666667	0.25	0	0	0	1	0	-4.7
AF118467.1	156	TCCACCGCAATTAACCAAAT	FALSE	4	1	1	AUUUGGUUAAUUGCGGUGGA	-	TTTT	0.4	0.2	0	0	0	1	0.00909090909090909	0.06666666666666667	0.25	0	0	0	1	3	-4.9
AF118467.1	157	ATCCACCGCAATTAACCAAA	FALSE	4	1	1	UUUGGUUAAUUGCGGUGGAU	-	TTTA	0.4	0.15	0	0	0	1	0.00909090909090909	0.06666666666666667	0.25	0	0	0	1	3	-6
AF118457.1	452	ACTTAGCATAAAGAGTAAAT	FALSE	4	1	1	AUUUACUCUUUAUGCUAAGU	-	TTTT	0.25	0.25	0	0	0	1	0.00909090909090909	0.06666666666666667	0.25	0	0	0	1	3	-4.9
AF118457.1	436	AAATAAAATTAGTAAAGAGA	TRUE	4	1	1	UCUCUUUACUAAUUUUAUUU	-	TTTA	0.15	0.2	0	0	0	1	0.00909090909090909	0.06666666666666667	0.25	0	0	0	1	0	-4.7
AF118457.1	583	TATGGGTTTAGTGATATCAT	TRUE	4	1	1	AUGAUAUCACUAAACCCAUA	+	TTTG	0.3	0.45	0	0	0	1	0.00909090909090909	0.06666666666666667	0.25	0	0	0	1	0	-4.7
AF118457.1	422	AAGAGATAAACTAGTAATAA	TRUE	4	1	1	UUAUUACUAGUUUAUCUCUU	-	TTTG	0.2	0.2	0	0	0	1	0.00909090909090909	0.06666666666666667	0.25	0	0	0	1	0	-4.7
AF118457.1	34	GACTCGGGCTAGCTCTCGTG	TRUE	4	1	1	CACGAGAGCUAGCCCGAGUC	+	TTTT	0.65	0.25	0	0	0	1	0.00909090909090909	0.06666666666666667	0.25	0	0	0	1	0	-4.7
AF118457.1	95	TTATTACGTTATTAGATAGC	TRUE	4	1	1	GCUAUCUAAUAACGUAAUAA	+	TTTA	0.25	0.45	0	0	0	1	0.00909090909090909	0.06666666666666667	0.25	0	0	0	1	0	-4.7
AF118457.1	106	TTAGATAGCTAAACTAGATT	TRUE	4	1	1	AAUCUAGUUUAGCUAUCUAA	+	TTTA	0.25	0.35	0	0	0	1	0.00909090909090909	0.06666666666666667	0.25	0	0	0	1	8	-5
AF118457.1	186	TAATTGATTTGATGGGATAT	TRUE	4	1	1	AUAUCCCAUCAAAUCAAUUA	+	TTTA	0.25	0.45	0	0	0	1	0.00909090909090909	0.06666666666666667	0.25	0	0	0	1	0	-4.7
AF118457.1	378	AGACTTAGATTTGATTATTA	TRUE	4	1	1	UAAUAAUCAAAUCUAAGUCU	+	TTTA	0.2	0.45	0	0	0	1	0.00909090909090909	0.06666666666666667	0.25	0	0	0	1	0	-4.7
AF118457.1	596	ATATCATCAAAAATGAGGGG	TRUE	4	1	1	CCCCUCAUUUUUGAUGAUAU	+	TTTT	0.35	0.2	0	0	0	1	0.00909090909090909	0.06666666666666667	0.25	0	0	0	1	10	-6
AF118457.1	524	TGATTGATTAAATTTAAAAA	TRUE	4	1	1	UUUUUAAAUUUAAUCAAUCA	+	TTTA	0.1	0.4	0	0	0	1	0.00909090909090909	0.06666666666666667	0.25	0	0	0	1	0	-4.7
AF118457.1	595	GATATCATCAAAAATGAGGG	TRUE	4	1	1	CCCUCAUUUUUGAUGAUAUC	+	TTTC	0.35	0.2	0	0	0	1	0.00909090909090909	0.06666666666666667	0.25	0	0	0	1	10	-6
AF118457.1	585	TGGGTTTAGTGATATCATCA	TRUE	4	1	1	UGAUGAUAUCACUAAACCCA	+	TTTT	0.35	0.4	0	0	0	1	0.00909090909090909	0.06666666666666667	0.25	0	0	0	1	0	-4.7
AF118457.1	584	ATGGGTTTAGTGATATCATC	TRUE	4	1	1	GAUGAUAUCACUAAACCCAU	+	TTTT	0.35	0.4	0	0	0	1	0.00909090909090909	0.06666666666666667	0.25	0	0	0	1	0	-4.7
AF118457.1	525	GATTGATTAAATTTAAAAAT	FALSE	4	1	1	AUUUUUAAAUUUAAUCAAUC	+	TTTT	0.1	0.4	0	0	0	1	0.00909090909090909	0.06666666666666667	0.25	0	0	0	1	3	-4.9
AF118455.1	456	ATGTACACGATAGCTTAGCA	TRUE	4	1	1	UGCUAAGCUAUCGUGUACAU	-	TTTG	0.4	0.25	0	0	0	1	0.00909090909090909	0.06666666666666667	0.25	0	0	0	1	0	-4.7
AF118455.1	455	TGTACACGATAGCTTAGCAC	FALSE	4	1	1	GUGCUAAGCUAUCGUGUACA	-	TTTT	0.45	0.25	0	0	0	1	0.00909090909090909	0.06666666666666667	0.25	0	0	0	1	9	-7.8
AF118457.1	82	GTAATAAAATTAGAATTATA	TRUE	4	1	1	UAUAAUUCUAAUUUUAUUAC	-	TTTT	0.1	0.35	0	0	0	1	0.00909090909090909	0.06666666666666667	0.25	0	0	0	1	0	-4.7
AF118457.1	141	AATTAAACAAAGAAGTAAAT	FALSE	4	1	1	AUUUACUUCUUUGUUUAAUU	-	TTTA	0.15	0.2	0	0	0	1	0.00909090909090909	0.06666666666666667	0.25	0	0	0	1	3	-4.9
AF118457.1	421	AGAGATAAACTAGTAATAAC	FALSE	4	1	1	GUUAUUACUAGUUUAUCUCU	-	TTTT	0.25	0.2	0	0	0	1	0.00909090909090909	0.06666666666666667	0.25	0	0	0	1	4	-6.5
AF118457.1	391	TAATCATTATTTATAATAAT	FALSE	4	1	1	AUUAUUAUAAAUAAUGAUUA	-	TTTG	0.05	0.5	0	0	0	1	0.00909090909090909	0.06666666666666667	0.25	0	0	0	1	4	-6.3
AF118457.1	197	TATAACATTTAATATCCCAT	FALSE	4	1	1	AUGGGAUAUUAAAUGUUAUA	-	TTTG	0.2	0.4	0	0	0	1	0.00909090909090909	0.06666666666666667	0.25	0	0	0	1	13	-5
AF118457.1	163	CAATTAAGCAAGTAATGCAA	TRUE	4	1	1	UUGCAUUACUUGCUUAAUUG	-	TTTA	0.3	0.2	0	0	0	1	0.00909090909090909	0.06666666666666667	0.25	0	0	0	1	6	-6.9
AF118457.1	158	AAGCAAGTAATGCAATAAAT	FALSE	4	1	1	AUUUAUUGCAUUACUUGCUU	-	TTTA	0.25	0.2	0	0	0	1	0.00909090909090909	0.06666666666666667	0.25	0	0	0	1	9	-7.1
AF118457.1	154	AAGTAATGCAATAAATTAAA	FALSE	4	1	1	UUUAAUUUAUUGCAUUACUU	-	TTTG	0.15	0.25	0	0	0	1	0.00909090909090909	0.06666666666666667	0.25	0	0	0	1	3	-6.3
AF118457.1	146	CAATAAATTAAACAAAGAAG	TRUE	4	1	1	CUUCUUUGUUUAAUUUAUUG	-	TTTA	0.2	0.15	0	0	0	1	0.00909090909090909	0.06666666666666667	0.25	0	0	0	1	0	-4.7
AF118457.1	140	ATTAAACAAAGAAGTAAATT	TRUE	4	1	1	AAUUUACUUCUUUGUUUAAU	-	TTTT	0.15	0.25	0	0	0	1	0.00909090909090909	0.06666666666666667	0.25	0	0	0	1	0	-4.7
AF118457.1	83	CGTAATAAAATTAGAATTAT	TRUE	4	1	1	AUAAUUCUAAUUUUAUUACG	-	TTTT	0.15	0.35	0	0	0	1	0.00909090909090909	0.06666666666666667	0.25	0	0	0	1	0	-4.7
AF118457.1	128	AGTAAATTAAAATATAAGTT	TRUE	4	1	1	AACUUAUAUUUUAAUUUACU	-	TTTA	0.1	0.35	0	0	0	1	0.00909090909090909	0.06666666666666667	0.25	0	0	0	1	0	-4.7
AF118457.1	98	TTAGCTATCTAATAACGTAA	TRUE	4	1	1	UUACGUUAUUAGAUAGCUAA	-	TTTA	0.25	0.35	0	0	0	1	0.00909090909090909	0.06666666666666667	0.25	0	0	0	1	10	-5.7
AF118457.1	97	TAGCTATCTAATAACGTAAT	FALSE	4	1	1	AUUACGUUAUUAGAUAGCUA	-	TTTT	0.25	0.35	0	0	0	1	0.00909090909090909	0.06666666666666667	0.25	0	0	0	1	14	-7.2
AF118457.1	84	ACGTAATAAAATTAGAATTA	TRUE	4	1	1	UAAUUCUAAUUUUAUUACGU	-	TTTA	0.15	0.3	0	0	0	1	0.00909090909090909	0.06666666666666667	0.25	0	0	0	1	0	-4.7
AF118457.1	464	AATAATAAACTAACTTAGCA	TRUE	4	1	1	UGCUAAGUUAGUUUAUUAUU	-	TTTA	0.2	0.25	0	0	0	1	0.00909090909090909	0.06666666666666667	0.25	0	0	0	1	0	-4.7
AF118467.1	98	AAATAACATTAATCGACAAC	FALSE	4	1	1	GUUGUCGAUUAAUGUUAUUU	-	TTTG	0.25	0.2	0	0	0	1	0.00909090909090909	0.06666666666666667	0.25	0	0	0	1	4	-6.2
AF118467.1	97	AATAACATTAATCGACAACC	FALSE	4	1	1	GGUUGUCGAUUAAUGUUAUU	-	TTTT	0.3	0.2	0	0	0	1	0.00909090909090909	0.06666666666666667	0.25	0	0	0	1	5	-5.1
KY698456.1	572	CTAGTGTATAGTAAGTATAA	FALSE	4	4	1	UUAUACUUACUAUACACUAG	-	TTTA	0.25	0.35	4	0	0	0	0.00909090909090909	0.26666666666666666	0.25	0.6666666666666666	0	0	0	8	-5.3
KY698493.1	359	CTAAACAATAAATATATTAA	TRUE	4	4	1	UUAAUAUAUUUAUUGUUUAG	-	TTTG	0.1	0.3	4	0	0	0	0.00909090909090909	0.26666666666666666	0.25	0.6666666666666666	0	0	0	0	-4.7
KY698418.1	290	AAATATTAGTTTGAATTCTA	FALSE	4	4	1	UAGAAUUCAAACUAAUAUUU	-	TTTC	0.15	0.45	4	0	0	0	0.00909090909090909	0.26666666666666666	0.25	0.6666666666666666	0	0	0	8	-5.1
KY698456.1	57	ATTTATTCAAAAATAGGGCT	TRUE	4	4	1	AGCCCUAUUUUUGAAUAAAU	+	TTTT	0.25	0.35	4	0	0	0	0.00909090909090909	0.26666666666666666	0.25	0.6666666666666666	0	0	0	0	-4.7
KY698456.1	56	AATTTATTCAAAAATAGGGC	TRUE	4	4	1	GCCCUAUUUUUGAAUAAAUU	+	TTTA	0.25	0.3	4	0	0	0	0.00909090909090909	0.26666666666666666	0.25	0.6666666666666666	0	0	0	0	-4.7
KY698493.1	337	AACTAGTCAATATAATAATT	FALSE	4	4	1	AAUUAUUAUAUUGACUAGUU	-	TTTA	0.15	0.35	4	0	0	0	0.00909090909090909	0.26666666666666666	0.25	0.6666666666666666	0	0	0	5	-5.8
KY698456.1	46	TAAGAATTTAAATTTATTCA	TRUE	4	4	1	UGAAUAAAUUUAAAUUCUUA	+	TTTT	0.1	0.45	4	0	0	0	0.00909090909090909	0.26666666666666666	0.25	0.6666666666666666	0	0	0	8	-5.3
KY698456.1	45	ATAAGAATTTAAATTTATTC	TRUE	4	4	1	GAAUAAAUUUAAAUUCUUAU	+	TTTT	0.1	0.45	4	0	0	0	0.00909090909090909	0.26666666666666666	0.25	0.6666666666666666	0	0	0	8	-5.3
KY698456.1	44	TATAAGAATTTAAATTTATT	TRUE	4	4	1	AAUAAAUUUAAAUUCUUAUA	+	TTTG	0.05	0.5	4	0	0	0	0.00909090909090909	0.26666666666666666	0.25	0.6666666666666666	0	0	0	0	-4.7
KY698456.1	34	TATGATGTGTTATAAGAATT	TRUE	4	4	1	AAUUCUUAUAACACAUCAUA	+	TTTA	0.2	0.45	4	0	0	0	0.00909090909090909	0.26666666666666666	0.25	0.6666666666666666	0	0	0	0	-4.7
AF088225.1	689	ACCCCGTTCAAAAATTCCCC	TRUE	4	2	2	GGGGAAUUUUUGAACGGGGU	+	TTTT	0.5	0.2	0	1	0	1	0.00909090909090909	0.13333333333333333	0.5	0	0.16666666666666666	0	1	0	-4.7
KY698456.1	529	ATAACCCTGTAACTAATATT	TRUE	4	4	1	AAUAUUAGUUACAGGGUUAU	-	TTTT	0.25	0.35	4	0	0	0	0.00909090909090909	0.26666666666666666	0.25	0.6666666666666666	0	0	0	0	-4.7
KY698456.1	530	AATAACCCTGTAACTAATAT	TRUE	4	4	1	AUAUUAGUUACAGGGUUAUU	-	TTTA	0.25	0.3	4	0	0	0	0.00909090909090909	0.26666666666666666	0.25	0.6666666666666666	0	0	0	0	-4.7
KY698493.1	360	TAATATATTTATTGTTTAGT	TRUE	4	4	1	ACUAAACAAUAAAUAUAUUA	+	TTTA	0.1	0.6	4	0	0	0	0.00909090909090909	0.26666666666666666	0.25	0.6666666666666666	0	0	0	0	-4.7
KY698456.1	571	TAGTGTATAGTAAGTATAAT	FALSE	4	4	1	AUUAUACUUACUAUACACUA	-	TTTT	0.2	0.4	4	0	0	0	0.00909090909090909	0.26666666666666666	0.25	0.6666666666666666	0	0	0	4	-6.3
KY698493.1	528	TGATATTATATTATATTGAT	TRUE	4	4	1	AUCAAUAUAAUAUAAUAUCA	+	TTTT	0.1	0.55	4	0	0	0	0.00909090909090909	0.26666666666666666	0.25	0.6666666666666666	0	0	0	0	-4.7
KY698493.1	301	GTTATAAAAATTAATTATTA	TRUE	4	4	1	UAAUAAUUAAUUUUUAUAAC	-	TTTC	0.05	0.45	4	0	0	0	0.00909090909090909	0.26666666666666666	0.25	0.6666666666666666	0	0	0	0	-4.7
KY698493.1	300	TTATAAAAATTAATTATTAG	TRUE	4	4	1	CUAAUAAUUAAUUUUUAUAA	-	TTTT	0.05	0.45	4	0	0	0	0.00909090909090909	0.26666666666666666	0.25	0.6666666666666666	0	0	0	0	-4.7
KY698493.1	299	TATAAAAATTAATTATTAGA	TRUE	4	4	1	UCUAAUAAUUAAUUUUUAUA	-	TTTT	0.05	0.4	4	0	0	0	0.00909090909090909	0.26666666666666666	0.25	0.6666666666666666	0	0	0	0	-4.7
KY698493.1	30	ATAAGATAAAATATTATTTC	FALSE	4	4	1	GAAAUAAUAUUUUAUCUUAU	-	TTTC	0.1	0.4	4	0	0	0	0.00909090909090909	0.26666666666666666	0.25	0.6666666666666666	0	0	0	14	-4.9
KY698493.1	43	ACTATAATGACACATAAGAT	TRUE	4	4	1	AUCUUAUGUGUCAUUAUAGU	-	TTTT	0.25	0.25	4	0	0	0	0.00909090909090909	0.26666666666666666	0.25	0.6666666666666666	0	0	0	0	-4.7
KY698493.1	371	ATATAAATTTAACTAAACAA	FALSE	4	4	1	UUGUUUAGUUAAAUUUAUAU	-	TTTA	0.1	0.3	4	0	0	0	0.00909090909090909	0.26666666666666666	0.25	0.6666666666666666	0	0	0	14	-6.3
KY698493.1	44	AACTATAATGACACATAAGA	TRUE	4	4	1	UCUUAUGUGUCAUUAUAGUU	-	TTTA	0.25	0.2	4	0	0	0	0.00909090909090909	0.26666666666666666	0.25	0.6666666666666666	0	0	0	0	-4.7
KY698432.1	46	TAAATATTATAAAAATTAGA	TRUE	4	4	1	UCUAAUUUUUAUAAUAUUUA	+	TTTT	0.05	0.35	4	0	0	0	0.00909090909090909	0.26666666666666666	0.25	0.6666666666666666	0	0	0	0	-4.7
KY698456.1	62	ATTTTAGCCCTATTTTTGAA	TRUE	4	4	1	UUCAAAAAUAGGGCUAAAAU	-	TTTA	0.25	0.5	4	0	0	0	0.00909090909090909	0.26666666666666666	0.25	0.6666666666666666	0	0	0	0	-4.7
KY698456.1	289	TATAAAATAAAAAATAATTT	FALSE	4	4	1	AAAUUAUUUUUUAUUUUAUA	-	TTTG	0	0.35	4	0	0	0	0.00909090909090909	0.26666666666666666	0.25	0.6666666666666666	0	0	0	5	-4.9
KY698456.1	299	AAATTTAACTTATAAAATAA	TRUE	4	4	1	UUAUUUUAUAAGUUAAAUUU	-	TTTT	0.05	0.35	4	0	0	0	0.00909090909090909	0.26666666666666666	0.25	0.6666666666666666	0	0	0	0	-4.7
KY698456.1	56	GCCCTATTTTTGAATAAATT	TRUE	4	4	1	AAUUUAUUCAAAAAUAGGGC	-	TTTA	0.25	0.45	4	0	0	0	0.00909090909090909	0.26666666666666666	0.25	0.6666666666666666	0	0	0	0	-4.7
KY698456.1	300	TAAATTTAACTTATAAAATA	TRUE	4	4	1	UAUUUUAUAAGUUAAAUUUA	-	TTTT	0.05	0.4	4	0	0	0	0.00909090909090909	0.26666666666666666	0.25	0.6666666666666666	0	0	0	0	-4.7
KY698434.1	234	CTCTCGAGCTAGAACGTGGT	TRUE	4	4	1	ACCACGUUCUAGCUCGAGAG	+	TTTC	0.55	0.25	4	0	0	0	0.00909090909090909	0.26666666666666666	0.25	0.6666666666666666	0	0	0	6	-4.8
KY698456.1	301	CTAAATTTAACTTATAAAAT	FALSE	4	4	1	AUUUUAUAAGUUAAAUUUAG	-	TTTT	0.1	0.4	4	0	0	0	0.00909090909090909	0.26666666666666666	0.25	0.6666666666666666	0	0	0	3	-4.9
AF118467.1	98	GTTGTCGATTAATGTTATTT	TRUE	4	1	1	AAAUAACAUUAAUCGACAAC	+	TTTA	0.25	0.55	0	0	0	1	0.00909090909090909	0.06666666666666667	0.25	0	0	0	1	0	-4.7
KY698493.1	388	TAATATTACAAATTAAAATA	TRUE	4	4	1	UAUUUUAAUUUGUAAUAUUA	-	TTTA	0.05	0.35	4	0	0	0	0.00909090909090909	0.26666666666666666	0.25	0.6666666666666666	0	0	0	0	-4.7
AF118455.1	332	ATAATATCACTCATTACCCA	TRUE	4	2	2	UGGGUAAUGAGUGAUAUUAU	-	TTTC	0.3	0.3	1	0	0	1	0.00909090909090909	0.13333333333333333	0.5	0.16666666666666666	0	0	1	0	-4.7
KY698420.1	285	AAATTAAAATGTTTTCAGAA	TRUE	4	4	1	UUCUGAAAACAUUUUAAUUU	+	TTTA	0.15	0.35	4	0	0	0	0.00909090909090909	0.26666666666666666	0.25	0.6666666666666666	0	0	0	0	-4.7
KY698420.1	16	ACATAGTTAGATTTAAATTT	TRUE	4	4	1	AAAUUUAAAUCUAACUAUGU	+	TTTA	0.15	0.45	4	0	0	0	0.00909090909090909	0.26666666666666666	0.25	0.6666666666666666	0	0	0	0	-4.7
KY698420.1	9	GTTAGAGACATAGTTAGATT	TRUE	4	4	1	AAUCUAACUAUGUCUCUAAC	+	TTTA	0.3	0.35	4	0	0	0	0.00909090909090909	0.26666666666666666	0.25	0.6666666666666666	0	0	0	0	-4.7
KY698493.1	378	AATTAAAATATAAATTTAAC	FALSE	4	4	1	GUUAAAUUUAUAUUUUAAUU	-	TTTA	0.05	0.35	4	0	0	0	0.00909090909090909	0.26666666666666666	0.25	0.6666666666666666	0	0	0	4	-6.7
KY698418.1	513	ATTACAATATAAGTTTATAT	TRUE	4	4	1	AUAUAAACUUAUAUUGUAAU	-	TTTA	0.1	0.45	4	0	0	0	0.00909090909090909	0.26666666666666666	0.25	0.6666666666666666	0	0	0	0	-4.7
AF118467.1	91	ATTAATCGACAACCAAAAGT	TRUE	4	1	1	ACUUUUGGUUGUCGAUUAAU	-	TTTA	0.3	0.2	0	0	0	1	0.00909090909090909	0.06666666666666667	0.25	0	0	0	1	0	-4.7
AF088235.1	653	CTCTGGGTAGGGGCGTTCTG	TRUE	3	3	2	CAGAACGCCCCUACCCAGAG	+	TTTG	0.65	0.3	1	1	2	0	0.00681818181818181	0.2	0.5	0.16666666666666666	0.16666666666666666	0.6666666666666666	0	0	-4.7
AF118467.1	428	AATAGAGTAGAGATATGAAC	FALSE	3	1	1	GUUCAUAUCUCUACUCUAUU	+	TTTA	0.3	0.2	0	0	0	1	0.00681818181818181	0.06666666666666667	0.25	0	0	0	1	11	-5.5
AF118467.1	440	ATATGAACTAAATAGTATTA	FALSE	3	1	1	UAAUACUAUUUAGUUCAUAU	+	TTTA	0.15	0.35	0	0	0	1	0.00681818181818181	0.06666666666666667	0.25	0	0	0	1	10	-6.1
AF118457.1	503	CAACGCAAGAGAACAATTAT	TRUE	3	1	1	AUAAUUGUUCUCUUGCGUUG	-	TTTA	0.35	0.15	0	0	0	1	0.00681818181818181	0.06666666666666667	0.25	0	0	0	1	0	-4.7
AF088229.1	668	AAATCGAATTTTGGCATACA	TRUE	3	2	2	UGUAUGCCAAAAUUCGAUUU	+	TTTC	0.3	0.3	0	1	0	1	0.00681818181818181	0.13333333333333333	0.5	0	0.16666666666666666	0	1	0	-4.7
AF118457.1	520	TTGCTGATTGATTAAATTTA	TRUE	3	1	1	UAAAUUUAAUCAAUCAGCAA	+	TTTT	0.2	0.5	0	0	0	1	0.00681818181818181	0.06666666666666667	0.25	0	0	0	1	0	-4.7
AF118457.1	519	GTTGCTGATTGATTAAATTT	TRUE	3	1	1	AAAUUUAAUCAAUCAGCAAC	+	TTTT	0.25	0.5	0	0	0	1	0.00681818181818181	0.06666666666666667	0.25	0	0	0	1	0	-4.7
AF118457.1	518	CGTTGCTGATTGATTAAATT	TRUE	3	1	1	AAUUUAAUCAAUCAGCAACG	+	TTTA	0.3	0.45	0	0	0	1	0.00681818181818181	0.06666666666666667	0.25	0	0	0	1	0	-4.7
AF118457.1	512	CTCTTGCGTTGCTGATTGAT	TRUE	3	1	1	AUCAAUCAGCAACGCAAGAG	+	TTTA	0.45	0.45	0	0	0	1	0.00681818181818181	0.06666666666666667	0.25	0	0	0	1	0	-4.7
AF118462.1	249	GAGTAGAGCTATAATAAGTA	TRUE	3	3	2	UACUUAUUAUAGCUCUACUC	-	TTTA	0.3	0.25	2	0	0	1	0.00681818181818181	0.2	0.5	0.3333333333333333	0	0	1	0	-4.7
AF118462.1	350	CATTATAGCTATGTTAGTGT	TRUE	3	3	2	ACACUAACAUAGCUAUAAUG	-	TTTG	0.3	0.45	2	0	0	1	0.00681818181818181	0.2	0.5	0.3333333333333333	0	0	1	0	-4.7
AF118462.1	521	TTGTATTTAAATTTATAAAT	FALSE	3	3	2	AUUUAUAAAUUUAAAUACAA	-	TTTC	0.05	0.55	2	0	0	1	0.00681818181818181	0.2	0.5	0.3333333333333333	0	0	1	11	-6.1
AF118458.1	61	CCTCTCAGAGGCTTGTTTTT	TRUE	2	1	1	AAAAACAAGCCUCUGAGAGG	+	TTTA	0.45	0.45	0	0	0	1	0.00454545454545454	0.06666666666666667	0.25	0	0	0	1	8	-7.3
AF088229.1	691	ACCCCGTTCAAAAATTAGCC	TRUE	2	2	2	GGCUAAUUUUUGAACGGGGU	+	TTTG	0.45	0.2	0	1	0	1	0.00454545454545454	0.13333333333333333	0.5	0	0.16666666666666666	0	1	0	-4.7
AF118462.1	575	TACACTGTGTTAGGCTGCAA	TRUE	2	2	2	UUGCAGCCUAACACAGUGUA	+	TTTA	0.45	0.3	1	0	0	1	0.00454545454545454	0.13333333333333333	0.5	0.16666666666666666	0	0	1	0	-4.7
AF118462.1	595	TAAAATTATAAAAATTTATA	FALSE	2	2	2	UAUAAAUUUUUAUAAUUUUA	+	TTTT	0	0.4	1	0	0	1	0.00454545454545454	0.13333333333333333	0.5	0.16666666666666666	0	0	1	11	-5.2
AF118462.1	594	ATAAAATTATAAAAATTTAT	TRUE	2	2	2	AUAAAUUUUUAUAAUUUUAU	+	TTTT	0	0.4	1	0	0	1	0.00454545454545454	0.13333333333333333	0.5	0.16666666666666666	0	0	1	0	-4.7
AF118462.1	593	AATAAAATTATAAAAATTTA	TRUE	2	2	2	UAAAUUUUUAUAAUUUUAUU	+	TTTA	0	0.35	1	0	0	1	0.00454545454545454	0.13333333333333333	0.5	0.16666666666666666	0	0	1	0	-4.7
AF118462.1	576	ACACTGTGTTAGGCTGCAAT	FALSE	2	2	2	AUUGCAGCCUAACACAGUGU	+	TTTT	0.45	0.3	1	0	0	1	0.00454545454545454	0.13333333333333333	0.5	0.16666666666666666	0	0	1	4	-5.9
AF118462.1	518	TTCATTTATAAATTTAAATA	FALSE	2	2	2	UAUUUAAAUUUAUAAAUGAA	+	TTTG	0.05	0.5	1	0	0	1	0.00454545454545454	0.13333333333333333	0.5	0.16666666666666666	0	0	1	13	-6.4
AF118462.1	512	AATAGTTTCATTTATAAATT	TRUE	2	2	2	AAUUUAUAAAUGAAACUAUU	+	TTTA	0.1	0.5	1	0	0	1	0.00454545454545454	0.13333333333333333	0.5	0.16666666666666666	0	0	1	0	-4.7
AF118459.1	427	AATTAAAGTTATCATATTAT	TRUE	2	2	2	AUAAUAUGAUAACUUUAAUU	-	TTTA	0.1	0.45	1	0	0	1	0.00454545454545454	0.13333333333333333	0.5	0.16666666666666666	0	0	1	0	-4.7
AF118459.1	426	ATTAAAGTTATCATATTATT	TRUE	2	2	2	AAUAAUAUGAUAACUUUAAU	-	TTTT	0.1	0.5	1	0	0	1	0.00454545454545454	0.13333333333333333	0.5	0.16666666666666666	0	0	1	0	-4.7
AF118462.1	191	TAATATTTAATTATCAATAA	TRUE	2	2	2	UUAUUGAUAAUUAAAUAUUA	-	TTTG	0.05	0.45	1	0	0	1	0.00454545454545454	0.13333333333333333	0.5	0.16666666666666666	0	0	1	0	-4.7
AF118462.1	526	AAAGTTTGTATTTAAATTTA	TRUE	2	2	2	UAAAUUUAAAUACAAACUUU	-	TTTA	0.1	0.5	1	0	0	1	0.00454545454545454	0.13333333333333333	0.5	0.16666666666666666	0	0	1	0	-4.7
AF118463.1	526	AGCTAGACACACATAATAAA	FALSE	2	1	1	UUUAUUAUGUGUGUCUAGCU	+	TTTA	0.3	0.15	0	0	0	1	0.00454545454545454	0.06666666666666667	0.25	0	0	0	1	3	-6.1
AF118463.1	84	AAAAATAAAATTCTAAAAAA	TRUE	2	1	1	UUUUUUAGAAUUUUAUUUUU	-	TTTA	0.05	0.2	0	0	0	1	0.00454545454545454	0.06666666666666667	0.25	0	0	0	1	0	-4.7
AF118463.1	367	ATTTAATAATAATTCAATTT	FALSE	2	1	1	AAAUUGAAUUAUUAUUAAAU	+	TTTA	0.05	0.5	0	0	0	1	0.00454545454545454	0.06666666666666667	0.25	0	0	0	1	5	-4.8
AF118463.1	197	ATCTTATCGCGTCACATTCC	TRUE	2	1	1	GGAAUGUGACGCGAUAAGAU	-	TTTT	0.45	0.35	0	0	0	1	0.00454545454545454	0.06666666666666667	0.25	0	0	0	1	0	-4.7
AF118463.1	123	TTCTAATCAATAACAAATAA	TRUE	2	1	1	UUAUUUGUUAUUGAUUAGAA	-	TTTG	0.15	0.3	0	0	0	1	0.00454545454545454	0.06666666666666667	0.25	0	0	0	1	0	-4.7
AF118463.1	130	AACCAAGTTCTAATCAATAA	FALSE	2	1	1	UUAUUGAUUAGAACUUGGUU	-	TTTG	0.25	0.25	0	0	0	1	0.00454545454545454	0.06666666666666667	0.25	0	0	0	1	12	-7.1
AF118463.1	161	ACCAAATTAATTATTATTAA	TRUE	2	1	1	UUAAUAAUAAUUAAUUUGGU	-	TTTG	0.1	0.4	0	0	0	1	0.00454545454545454	0.06666666666666667	0.25	0	0	0	1	0	-4.7
AF118463.1	179	CCAAAACCATGCACATCAAC	FALSE	2	1	1	GUUGAUGUGCAUGGUUUUGG	-	TTTG	0.45	0.1	0	0	0	1	0.00454545454545454	0.06666666666666667	0.25	0	0	0	1	4	-6.4
AF118463.1	198	CATCTTATCGCGTCACATTC	TRUE	2	1	1	GAAUGUGACGCGAUAAGAUG	-	TTTG	0.45	0.35	0	0	0	1	0.00454545454545454	0.06666666666666667	0.25	0	0	0	1	0	-4.7
AF118463.1	234	CAGAATATCATCAATAAAAT	FALSE	2	1	1	AUUUUAUUGAUGAUAUUCUG	-	TTTA	0.2	0.25	0	0	0	1	0.00454545454545454	0.06666666666666667	0.25	0	0	0	1	3	-4.9
AF118463.1	239	ATAACCAGAATATCATCAAT	FALSE	2	1	1	AUUGAUGAUAUUCUGGUUAU	-	TTTT	0.25	0.25	0	0	0	1	0.00454545454545454	0.06666666666666667	0.25	0	0	0	1	4	-6.2
AF118463.1	240	TATAACCAGAATATCATCAA	TRUE	2	1	1	UUGAUGAUAUUCUGGUUAUA	-	TTTA	0.25	0.25	0	0	0	1	0.00454545454545454	0.06666666666666667	0.25	0	0	0	1	10	-5.3
AF118463.1	287	GAGTGGCTAATGATGCTATC	FALSE	2	1	1	GAUAGCAUCAUUAGCCACUC	-	TTTC	0.45	0.3	0	0	0	1	0.00454545454545454	0.06666666666666667	0.25	0	0	0	1	14	-5.5
AF118463.1	372	ATTTAAAATTGAATTATTAT	TRUE	2	1	1	AUAAUAAUUCAAUUUUAAAU	-	TTTA	0.05	0.5	0	0	0	1	0.00454545454545454	0.06666666666666667	0.25	0	0	0	1	0	-4.7
AF118463.1	118	ATCAATAACAAATAACAAAT	FALSE	2	1	1	AUUUGUUAUUUGUUAUUGAU	-	TTTA	0.15	0.2	0	0	0	1	0.00454545454545454	0.06666666666666667	0.25	0	0	0	1	3	-4.9
AF118463.1	83	AAAATAAAATTCTAAAAAAT	FALSE	2	1	1	AUUUUUUAGAAUUUUAUUUU	-	TTTT	0.05	0.25	0	0	0	1	0.00454545454545454	0.06666666666666667	0.25	0	0	0	1	3	-4.9
AF118463.1	82	AAATAAAATTCTAAAAAATA	TRUE	2	1	1	UAUUUUUUAGAAUUUUAUUU	-	TTTT	0.05	0.25	0	0	0	1	0.00454545454545454	0.06666666666666667	0.25	0	0	0	1	0	-4.7
AF118463.1	81	AATAAAATTCTAAAAAATAA	FALSE	2	1	1	UUAUUUUUUAGAAUUUUAUU	-	TTTT	0.05	0.25	0	0	0	1	0.00454545454545454	0.06666666666666667	0.25	0	0	0	1	10	-4.8
AF118463.1	607	AATTTCTAAAATTATGGCAT	TRUE	2	1	1	AUGCCAUAAUUUUAGAAAUU	+	TTTT	0.2	0.4	0	0	0	1	0.00454545454545454	0.06666666666666667	0.25	0	0	0	1	0	-4.7
AF118463.1	470	TTTATTAATTTCTTTTTATA	TRUE	2	1	1	UAUAAAAAGAAAUUAAUAAA	+	TTTA	0.05	0.7	0	0	0	1	0.00454545454545454	0.06666666666666667	0.25	0	0	0	1	0	-4.7
AF118463.1	522	TACTAGCTAGACACACATAA	FALSE	2	1	1	UUAUGUGUGUCUAGCUAGUA	+	TTTA	0.35	0.2	0	0	0	1	0.00454545454545454	0.06666666666666667	0.25	0	0	0	1	12	-6.7
AF118463.1	539	TAATAAATAAAGTTAATTAT	TRUE	2	1	1	AUAAUUAACUUUAUUUAUUA	+	TTTA	0.05	0.4	0	0	0	1	0.00454545454545454	0.06666666666666667	0.25	0	0	0	1	0	-4.7
AF118463.1	540	AATAAATAAAGTTAATTATT	TRUE	2	1	1	AAUAAUUAACUUUAUUUAUU	+	TTTT	0.05	0.4	0	0	0	1	0.00454545454545454	0.06666666666666667	0.25	0	0	0	1	0	-4.7
AF118463.1	585	CGAATGATGTTGCATTTTTA	TRUE	2	1	1	UAAAAAUGCAACAUCAUUCG	+	TTTA	0.3	0.45	0	0	0	1	0.00454545454545454	0.06666666666666667	0.25	0	0	0	1	0	-4.7
AF118463.1	593	GTTGCATTTTTATAAATTTC	TRUE	2	1	1	GAAAUUUAUAAAAAUGCAAC	+	TTTA	0.2	0.55	0	0	0	1	0.00454545454545454	0.06666666666666667	0.25	0	0	0	1	0	-4.7
AF118463.1	594	TTGCATTTTTATAAATTTCT	FALSE	2	1	1	AGAAAUUUAUAAAAAUGCAA	+	TTTT	0.15	0.6	0	0	0	1	0.00454545454545454	0.06666666666666667	0.25	0	0	0	1	7	-6.1
AF118463.1	606	AAATTTCTAAAATTATGGCA	TRUE	2	1	1	UGCCAUAAUUUUAGAAAUUU	+	TTTA	0.2	0.35	0	0	0	1	0.00454545454545454	0.06666666666666667	0.25	0	0	0	1	0	-4.7
AF118463.1	419	ATGTGATGATAGATTGATAT	TRUE	2	1	1	AUAUCAAUCUAUCAUCACAU	+	TTTA	0.25	0.4	0	0	0	1	0.00454545454545454	0.06666666666666667	0.25	0	0	0	1	0	-4.7
AF118454.1	455	CGATAGCTTANCACAAAAGA	TRUE	2	1	1	UCUUUUGUGNUAAGCUAUCG	-	TTTA	0.37	0.15	0	0	0	1	0.00454545454545454	0.06666666666666667	0.25	0	0	0	1	0	-4.7
AF118459.1	64	TCTTAGAGGCTTGTTTTTTA	TRUE	2	2	2	UAAAAAACAAGCCUCUAAGA	+	TTTA	0.3	0.55	1	0	0	1	0.00454545454545454	0.13333333333333333	0.5	0.16666666666666666	0	0	1	0	-4.7
AF118454.1	461	TGTACACGATAGCTTANCAC	FALSE	2	1	1	GUGNUAAGCUAUCGUGUACA	-	TTTT	0.42	0.25	0	0	0	1	0.00454545454545454	0.06666666666666667	0.25	0	0	0	1	2	-4.8
AF118454.1	462	ATGTACACGATAGCTTANCA	TRUE	2	1	1	UGNUAAGCUAUCGUGUACAU	-	TTTG	0.37	0.25	0	0	0	1	0.00454545454545454	0.06666666666666667	0.25	0	0	0	1	0	-4.7
AF118470.1	428	GATAGAGTAGGGATATGAAT	FALSE	2	1	1	AUUCAUAUCCCUACUCUAUC	+	TTTA	0.35	0.25	0	0	0	1	0.00454545454545454	0.06666666666666667	0.25	0	0	0	1	3	-4.9
AF118470.1	440	ATATGAATTAAATAGTATTA	TRUE	2	1	1	UAAUACUAUUUAAUUCAUAU	+	TTTA	0.1	0.4	0	0	0	1	0.00454545454545454	0.06666666666666667	0.25	0	0	0	1	0	-4.7
AF118463.1	613	GATTTTATGCCATAATTTTA	TRUE	2	1	1	UAAAAUUAUGGCAUAAAAUC	-	TTTC	0.2	0.5	0	0	0	1	0.00454545454545454	0.06666666666666667	0.25	0	0	0	1	0	-4.7
AF118463.1	419	ATATCAATCTATCATCACAT	TRUE	2	1	1	AUGUGAUGAUAGAUUGAUAU	-	TTTT	0.25	0.35	0	0	0	1	0.00454545454545454	0.06666666666666667	0.25	0	0	0	1	0	-4.7
AF118463.1	420	AATATCAATCTATCATCACA	TRUE	2	1	1	UGUGAUGAUAGAUUGAUAUU	-	TTTA	0.25	0.3	0	0	0	1	0.00454545454545454	0.06666666666666667	0.25	0	0	0	1	0	-4.7
AF118463.1	473	TTATATAAAAAGAAATTAAT	FALSE	2	1	1	AUUAAUUUCUUUUUAUAUAA	-	TTTT	0.05	0.35	0	0	0	1	0.00454545454545454	0.06666666666666667	0.25	0	0	0	1	4	-6.5
AF118463.1	474	TTTATATAAAAAGAAATTAA	TRUE	2	1	1	UUAAUUUCUUUUUAUAUAAA	-	TTTA	0.05	0.35	0	0	0	1	0.00454545454545454	0.06666666666666667	0.25	0	0	0	1	0	-4.7
AF118463.1	482	GAATATAGTTTATATAAAAA	TRUE	2	1	1	UUUUUAUAUAAACUAUAUUC	-	TTTC	0.1	0.35	0	0	0	1	0.00454545454545454	0.06666666666666667	0.25	0	0	0	1	0	-4.7
AF118463.1	486	AGCTGAATATAGTTTATATA	TRUE	2	1	1	UAUAUAAACUAUAUUCAGCU	-	TTTT	0.2	0.4	0	0	0	1	0.00454545454545454	0.06666666666666667	0.25	0	0	0	1	0	-4.7
AF118463.1	487	AAGCTGAATATAGTTTATAT	TRUE	2	1	1	AUAUAAACUAUAUUCAGCUU	-	TTTT	0.2	0.4	0	0	0	1	0.00454545454545454	0.06666666666666667	0.25	0	0	0	1	0	-4.7
AF118463.1	488	AAAGCTGAATATAGTTTATA	TRUE	2	1	1	UAUAAACUAUAUUCAGCUUU	-	TTTA	0.2	0.35	0	0	0	1	0.00454545454545454	0.06666666666666667	0.25	0	0	0	1	0	-4.7
AF118463.1	509	GCTAGTAAATTAATAATACC	FALSE	2	1	1	GGUAUUAUUAAUUUACUAGC	-	TTTT	0.25	0.3	0	0	0	1	0.00454545454545454	0.06666666666666667	0.25	0	0	0	1	9	-6.4
AF118463.1	510	AGCTAGTAAATTAATAATAC	TRUE	2	1	1	GUAUUAUUAAUUUACUAGCU	-	TTTG	0.2	0.3	0	0	0	1	0.00454545454545454	0.06666666666666667	0.25	0	0	0	1	0	-4.7
AF118463.1	524	TATTATGTGTGTCTAGCTAG	TRUE	2	1	1	CUAGCUAGACACACAUAAUA	-	TTTA	0.35	0.45	0	0	0	1	0.00454545454545454	0.06666666666666667	0.25	0	0	0	1	0	-4.7
AF118463.1	603	CATAATTTTAGAAATTTATA	TRUE	2	1	1	UAUAAAUUUCUAAAAUUAUG	-	TTTT	0.1	0.45	0	0	0	1	0.00454545454545454	0.06666666666666667	0.25	0	0	0	1	0	-4.7
AF118463.1	604	CCATAATTTTAGAAATTTAT	TRUE	2	1	1	AUAAAUUUCUAAAAUUAUGG	-	TTTT	0.15	0.45	0	0	0	1	0.00454545454545454	0.06666666666666667	0.25	0	0	0	1	0	-4.7
AF118463.1	605	GCCATAATTTTAGAAATTTA	TRUE	2	1	1	UAAAUUUCUAAAAUUAUGGC	-	TTTA	0.2	0.4	0	0	0	1	0.00454545454545454	0.06666666666666667	0.25	0	0	0	1	0	-4.7
AF118458.1	610	GATTTTGGAGCTATTTTTAA	TRUE	2	2	2	UUAAAAAUAGCUCCAAAAUC	-	TTTA	0.25	0.5	1	0	0	1	0.00454545454545454	0.13333333333333333	0.5	0.16666666666666666	0	0	1	0	-4.7
AF118457.1	327	TGCTAATATAGGGTAATGAG	TRUE	2	1	1	CUCAUUACCCUAUAUUAGCA	+	TTTA	0.35	0.3	0	0	0	1	0.00454545454545454	0.06666666666666667	0.25	0	0	0	1	0	-4.7
AF118454.1	451	AGCTTANCACAAAAGATAAA	FALSE	2	1	1	UUUAUCUUUUGUGNUAAGCU	-	TTTG	0.26	0.15	0	0	0	1	0.00454545454545454	0.06666666666666667	0.25	0	0	0	1	3	-6.1
AF118459.1	548	TATTAGAGCTAGATAAATTT	TRUE	1	1	1	AAAUUUAUCUAGCUCUAAUA	+	TTTA	0.2	0.4	0	0	0	1	0.00227272727272727	0.06666666666666667	0.25	0	0	0	1	0	-4.7
AF118474.1	91	ATTAACCGACAACCAAAAGT	TRUE	1	1	1	ACUUUUGGUUGUCGGUUAAU	-	TTTA	0.35	0.15	0	0	0	1	0.00227272727272727	0.06666666666666667	0.25	0	0	0	1	0	-4.7
AF118474.1	97	AACAACATTAACCGACAACC	FALSE	1	1	1	GGUUGUCGGUUAAUGUUGUU	-	TTTT	0.4	0.1	0	0	0	1	0.00227272727272727	0.06666666666666667	0.25	0	0	0	1	5	-5.1
AF118474.1	98	AAACAACATTAACCGACAAC	FALSE	1	1	1	GUUGUCGGUUAAUGUUGUUU	-	TTTG	0.35	0.1	0	0	0	1	0.00227272727272727	0.06666666666666667	0.25	0	0	0	1	4	-6.2
AF118474.1	156	CCCAACGCAATTAACCAAAT	FALSE	1	1	1	AUUUGGUUAAUUGCGUUGGG	-	TTTT	0.4	0.15	0	0	0	1	0.00227272727272727	0.06666666666666667	0.25	0	0	0	1	3	-4.9
AF118474.1	157	ACCCAACGCAATTAACCAAA	FALSE	1	1	1	UUUGGUUAAUUGCGUUGGGU	-	TTTA	0.4	0.1	0	0	0	1	0.00227272727272727	0.06666666666666667	0.25	0	0	0	1	3	-6
AF118474.1	161	TATTACCCAACGCAATTAAC	FALSE	1	1	1	GUUAAUUGCGUUGGGUAAUA	-	TTTG	0.35	0.25	0	0	0	1	0.00227272727272727	0.06666666666666667	0.25	0	0	0	1	14	-9.4
AF118474.1	228	CACGATAGATGTAATATGAA	TRUE	1	1	1	UUCAUAUUACAUCUAUCGUG	-	TTTA	0.3	0.25	0	0	0	1	0.00227272727272727	0.06666666666666667	0.25	0	0	0	1	0	-4.7
AF118460.1	191	TAAATATTATATCATTACAT	TRUE	1	1	1	AUGUAAUGAUAUAAUAUUUA	-	TTTA	0.1	0.45	0	0	0	1	0.00227272727272727	0.06666666666666667	0.25	0	0	0	1	0	-4.7
AF118460.1	256	GACTATCATTACGATAAAAT	FALSE	1	1	1	AUUUUAUCGUAAUGAUAGUC	-	TTTA	0.25	0.3	0	0	0	1	0.00227272727272727	0.06666666666666667	0.25	0	0	0	1	13	-6.2
AF118460.1	261	ATTAAGACTATCATTACGAT	FALSE	1	1	1	AUCGUAAUGAUAGUCUUAAU	-	TTTT	0.25	0.35	0	0	0	1	0.00227272727272727	0.06666666666666667	0.25	0	0	0	1	7	-5.6
AF118460.1	262	CATTAAGACTATCATTACGA	TRUE	1	1	1	UCGUAAUGAUAGUCUUAAUG	-	TTTA	0.3	0.3	0	0	0	1	0.00227272727272727	0.06666666666666667	0.25	0	0	0	1	0	-4.7
AF118454.1	332	TAATATCAACTCATTACCCA	TRUE	1	1	1	UGGGUAAUGAGUUGAUAUUA	-	TTTC	0.3	0.3	0	0	0	1	0.00227272727272727	0.06666666666666667	0.25	0	0	0	1	0	-4.7
AF118454.1	437	GATAAACAAAGTTAACAAAG	TRUE	1	1	1	CUUUGUUAACUUUGUUUAUC	-	TTTN	0.25	0.15	0	0	0	1	0.00227272727272727	0.06666666666666667	0.25	0	0	0	1	0	-4.7
AF118461.1	327	TGCTAATATAGGGTAATGAA	TRUE	1	1	1	UUCAUUACCCUAUAUUAGCA	+	TTTA	0.3	0.3	0	0	0	1	0.00227272727272727	0.06666666666666667	0.25	0	0	0	1	0	-4.7
AF118465.1	332	TAATATCAATTCATTACCCA	TRUE	1	1	1	UGGGUAAUGAAUUGAUAUUA	-	TTTC	0.25	0.35	0	0	0	1	0.00227272727272727	0.06666666666666667	0.25	0	0	0	1	0	-4.7
AF118459.1	65	CTTAGAGGCTTGTTTTTTAT	TRUE	1	1	1	AUAAAAAACAAGCCUCUAAG	+	TTTT	0.3	0.55	0	0	0	1	0.00227272727272727	0.06666666666666667	0.25	0	0	0	1	0	-4.7
AF118459.1	70	AGGCTTGTTTTTTATAAAAT	FALSE	1	1	1	AUUUUAUAAAAAACAAGCCU	+	TTTA	0.2	0.5	0	0	0	1	0.00227272727272727	0.06666666666666667	0.25	0	0	0	1	3	-4.9
AF118459.1	84	TAAAATTAAATCTTTGCGAA	TRUE	1	1	1	UUCGCAAAGAUUUAAUUUUA	+	TTTA	0.2	0.35	0	0	0	1	0.00227272727272727	0.06666666666666667	0.25	0	0	0	1	0	-4.7
AF118459.1	95	CTTTGCGAATAAATAATTTA	TRUE	1	1	1	UAAAUUAUUUAUUCGCAAAG	+	TTTA	0.2	0.4	0	0	0	1	0.00227272727272727	0.06666666666666667	0.25	0	0	0	1	0	-4.7
AF118459.1	101	GAATAAATAATTTATAAATT	TRUE	1	1	1	AAUUUAUAAAUUAUUUAUUC	+	TTTA	0.05	0.4	0	0	0	1	0.00227272727272727	0.06666666666666667	0.25	0	0	0	1	0	-4.7
AF118459.1	160	TGAATATAATTTGTTCTAAT	FALSE	1	1	1	AUUAGAACAAAUUAUAUUCA	+	TTTA	0.15	0.5	0	0	0	1	0.00227272727272727	0.06666666666666667	0.25	0	0	0	1	4	-6.5
AF118474.1	98	GTTGTCGGTTAATGTTGTTT	TRUE	1	1	1	AAACAACAUUAACCGACAAC	+	TTTA	0.35	0.55	0	0	0	1	0.00227272727272727	0.06666666666666667	0.25	0	0	0	1	0	-4.7
AF118469.1	395	ACAATAATAGCGTATAGTAA	FALSE	1	1	1	UUACUAUACGCUAUUAUUGU	-	TTTA	0.25	0.25	0	0	0	1	0.00227272727272727	0.06666666666666667	0.25	0	0	0	1	6	-4.8
AF118469.1	389	ATAGCGTATAGTAATAAATT	TRUE	1	1	1	AAUUUAUUACUAUACGCUAU	-	TTTA	0.2	0.35	0	0	0	1	0.00227272727272727	0.06666666666666667	0.25	0	0	0	1	0	-4.7
AF118463.1	389	TAGCAGTATAGTAATAAATT	FALSE	1	1	1	AAUUUAUUACUAUACUGCUA	-	TTTA	0.2	0.35	0	0	0	1	0.00227272727272727	0.06666666666666667	0.25	0	0	0	1	12	-5.8
AF118463.1	91	CTAAAATAAAAATAAAATTC	TRUE	1	1	1	GAAUUUUAUUUUUAUUUUAG	-	TTTA	0.1	0.25	0	0	0	1	0.00227272727272727	0.06666666666666667	0.25	0	0	0	1	0	-4.7
AF118463.1	98	TAAATATCTAAAATAAAAAT	FALSE	1	1	1	AUUUUUAUUUUAGAUAUUUA	-	TTTT	0.05	0.3	0	0	0	1	0.00227272727272727	0.06666666666666667	0.25	0	0	0	1	3	-4.9
AF118463.1	99	TTAAATATCTAAAATAAAAA	TRUE	1	1	1	UUUUUAUUUUAGAUAUUUAA	-	TTTA	0.05	0.3	0	0	0	1	0.00227272727272727	0.06666666666666667	0.25	0	0	0	1	0	-4.7
AF118463.1	103	CAAATTAAATATCTAAAATA	TRUE	1	1	1	UAUUUUAGAUAUUUAAUUUG	-	TTTT	0.1	0.3	0	0	0	1	0.00227272727272727	0.06666666666666667	0.25	0	0	0	1	0	-4.7
AF118463.1	104	ACAAATTAAATATCTAAAAT	FALSE	1	1	1	AUUUUAGAUAUUUAAUUUGU	-	TTTT	0.1	0.3	0	0	0	1	0.00227272727272727	0.06666666666666667	0.25	0	0	0	1	3	-4.9
AF118463.1	105	AACAAATTAAATATCTAAAA	TRUE	1	1	1	UUUUAGAUAUUUAAUUUGUU	-	TTTA	0.1	0.25	0	0	0	1	0.00227272727272727	0.06666666666666667	0.25	0	0	0	1	0	-4.7
AF118463.1	109	AAATAACAAATTAAATATCT	TRUE	1	1	1	AGAUAUUUAAUUUGUUAUUU	-	TTTT	0.1	0.3	0	0	0	1	0.00227272727272727	0.06666666666666667	0.25	0	0	0	1	0	-4.7
AF118463.1	110	CAAATAACAAATTAAATATC	TRUE	1	1	1	GAUAUUUAAUUUGUUAUUUG	-	TTTA	0.15	0.25	0	0	0	1	0.00227272727272727	0.06666666666666667	0.25	0	0	0	1	0	-4.7
AF118463.1	388	AGCAGTATAGTAATAAATTT	FALSE	1	1	1	AAAUUUAUUACUAUACUGCU	-	TTTT	0.2	0.35	0	0	0	1	0.00227272727272727	0.06666666666666667	0.25	0	0	0	1	12	-5.9
AF118463.1	395	CAATAATAGCAGTATAGTAA	FALSE	1	1	1	UUACUAUACUGCUAUUAUUG	-	TTTA	0.25	0.25	0	0	0	1	0.00227272727272727	0.06666666666666667	0.25	0	0	0	1	7	-6.1
AF118469.1	388	TAGCGTATAGTAATAAATTT	TRUE	1	1	1	AAAUUUAUUACUAUACGCUA	-	TTTT	0.2	0.4	0	0	0	1	0.00227272727272727	0.06666666666666667	0.25	0	0	0	1	0	-4.7
AF118469.1	88	CAATAAAAATAAAATTCTAA	TRUE	1	1	1	UUAGAAUUUUAUUUUUAUUG	-	TTTT	0.1	0.25	0	0	0	1	0.00227272727272727	0.06666666666666667	0.25	0	0	0	1	10	-4.9
AF118469.1	89	ACAATAAAAATAAAATTCTA	TRUE	1	1	1	UAGAAUUUUAUUUUUAUUGU	-	TTTT	0.1	0.25	0	0	0	1	0.00227272727272727	0.06666666666666667	0.25	0	0	0	1	10	-4.9
AF118469.1	90	TACAATAAAAATAAAATTCT	TRUE	1	1	1	AGAAUUUUAUUUUUAUUGUA	-	TTTT	0.1	0.3	0	0	0	1	0.00227272727272727	0.06666666666666667	0.25	0	0	0	1	0	-4.7
AF118469.1	91	CTACAATAAAAATAAAATTC	TRUE	1	1	1	GAAUUUUAUUUUUAUUGUAG	-	TTTA	0.15	0.25	0	0	0	1	0.00227272727272727	0.06666666666666667	0.25	0	0	0	1	0	-4.7
AF118469.1	98	TAAATATCTACAATAAAAAT	FALSE	1	1	1	AUUUUUAUUGUAGAUAUUUA	-	TTTT	0.1	0.3	0	0	0	1	0.00227272727272727	0.06666666666666667	0.25	0	0	0	1	3	-4.9
AF118469.1	99	TTAAATATCTACAATAAAAA	TRUE	1	1	1	UUUUUAUUGUAGAUAUUUAA	-	TTTA	0.1	0.3	0	0	0	1	0.00227272727272727	0.06666666666666667	0.25	0	0	0	1	0	-4.7
AF118469.1	103	CAAATTAAATATCTACAATA	TRUE	1	1	1	UAUUGUAGAUAUUUAAUUUG	-	TTTT	0.15	0.3	0	0	0	1	0.00227272727272727	0.06666666666666667	0.25	0	0	0	1	0	-4.7
AF118469.1	104	ACAAATTAAATATCTACAAT	FALSE	1	1	1	AUUGUAGAUAUUUAAUUUGU	-	TTTT	0.15	0.3	0	0	0	1	0.00227272727272727	0.06666666666666667	0.25	0	0	0	1	4	-6
AF118469.1	105	AACAAATTAAATATCTACAA	FALSE	1	1	1	UUGUAGAUAUUUAAUUUGUU	-	TTTA	0.15	0.25	0	0	0	1	0.00227272727272727	0.06666666666666667	0.25	0	0	0	1	10	-5.6
AF118459.1	541	ATTTGATTATTAGAGCTAGA	TRUE	1	1	1	UCUAGCUCUAAUAAUCAAAU	+	TTTA	0.25	0.4	0	0	0	1	0.00227272727272727	0.06666666666666667	0.25	0	0	0	1	0	-4.7
AF118459.1	549	ATTAGAGCTAGATAAATTTT	FALSE	1	1	1	AAAAUUUAUCUAGCUCUAAU	+	TTTT	0.2	0.4	0	0	0	1	0.00227272727272727	0.06666666666666667	0.25	0	0	0	1	12	-4.8
AF118463.1	89	AAAATAAAAATAAAATTCTA	TRUE	1	1	1	UAGAAUUUUAUUUUUAUUUU	-	TTTT	0.05	0.25	0	0	0	1	0.00227272727272727	0.06666666666666667	0.25	0	0	0	1	10	-4.9
AF118459.1	554	AGCTAGATAAATTTTAAAAT	FALSE	1	1	1	AUUUUAAAAUUUAUCUAGCU	+	TTTA	0.15	0.35	0	0	0	1	0.00227272727272727	0.06666666666666667	0.25	0	0	0	1	3	-4.9
AF118459.1	474	TCAAAGCCGTAATCAAGTGT	FALSE	1	1	1	ACACUUGAUUACGGCUUUGA	-	TTTA	0.4	0.25	0	0	0	1	0.00227272727272727	0.06666666666666667	0.25	0	0	0	1	7	-5.7
AF118459.1	493	ACAATTCAATCAAAATATAT	TRUE	1	1	1	AUAUAUUUUGAUUGAAUUGU	-	TTTG	0.15	0.3	0	0	0	1	0.00227272727272727	0.06666666666666667	0.25	0	0	0	1	0	-4.7
AF118459.1	502	TAACACACAACAATTCAATC	FALSE	1	1	1	GAUUGAAUUGUUGUGUGUUA	-	TTTT	0.3	0.2	0	0	0	1	0.00227272727272727	0.06666666666666667	0.25	0	0	0	1	5	-5.8
AF118459.1	503	ATAACACACAACAATTCAAT	FALSE	1	1	1	AUUGAAUUGUUGUGUGUUAU	-	TTTG	0.25	0.2	0	0	0	1	0.00227272727272727	0.06666666666666667	0.25	0	0	0	1	4	-6.2
AF118459.1	541	TCTAGCTCTAATAATCAAAT	FALSE	1	1	1	AUUUGAUUAUUAGAGCUAGA	-	TTTT	0.25	0.35	0	0	0	1	0.00227272727272727	0.06666666666666667	0.25	0	0	0	1	3	-4.9
AF118459.1	542	ATCTAGCTCTAATAATCAAA	FALSE	1	1	1	UUUGAUUAUUAGAGCUAGAU	-	TTTA	0.25	0.3	0	0	0	1	0.00227272727272727	0.06666666666666667	0.25	0	0	0	1	3	-6
AF118459.1	546	ATTTATCTAGCTCTAATAAT	FALSE	1	1	1	AUUAUUAGAGCUAGAUAAAU	-	TTTG	0.2	0.45	0	0	0	1	0.00227272727272727	0.06666666666666667	0.25	0	0	0	1	4	-6.3
AF118459.1	569	CAGTAATAAAATTTAATTTT	TRUE	1	1	1	AAAAUUAAAUUUUAUUACUG	-	TTTT	0.1	0.45	0	0	0	1	0.00227272727272727	0.06666666666666667	0.25	0	0	0	1	0	-4.7
AF118459.1	570	CCAGTAATAAAATTTAATTT	FALSE	1	1	1	AAAUUAAAUUUUAUUACUGG	-	TTTA	0.15	0.4	0	0	0	1	0.00227272727272727	0.06666666666666667	0.25	0	0	0	1	5	-5.1
AF118459.1	582	ACCATCACCAGTCCAGTAAT	FALSE	1	1	1	AUUACUGGACUGGUGAUGGU	-	TTTT	0.45	0.2	0	0	0	1	0.00227272727272727	0.06666666666666667	0.25	0	0	0	1	13	-8.1
AF118459.1	583	CACCATCACCAGTCCAGTAA	FALSE	1	1	1	UUACUGGACUGGUGAUGGUG	-	TTTA	0.5	0.15	0	0	0	1	0.00227272727272727	0.06666666666666667	0.25	0	0	0	1	10	-6.5
AF118468.1	62	CCTCTAAGAGCTTGTTTTTA	TRUE	1	1	1	UAAAAACAAGCUCUUAGAGG	+	TTTA	0.35	0.45	0	0	0	1	0.00227272727272727	0.06666666666666667	0.25	0	0	0	1	6	-5.2
AF118462.1	32	CCGGCTCAGGCTAGCTCCTC	TRUE	1	1	1	GAGGAGCUAGCCUGAGCCGG	+	TTTC	0.7	0.2	0	0	0	1	0.00227272727272727	0.06666666666666667	0.25	0	0	0	1	6	-7.4
AF118462.1	33	CGGCTCAGGCTAGCTCCTCG	TRUE	1	1	1	CGAGGAGCUAGCCUGAGCCG	+	TTTT	0.7	0.2	0	0	0	1	0.00227272727272727	0.06666666666666667	0.25	0	0	0	1	6	-7.4
AF118462.1	69	GAGGCTTGTTTTTTAAATTT	TRUE	1	1	1	AAAUUUAAAAAACAAGCCUC	+	TTTA	0.25	0.55	0	0	0	1	0.00227272727272727	0.06666666666666667	0.25	0	0	0	1	0	-4.7
AF118462.1	138	TAATATAGAACTGGTGATTA	FALSE	1	1	1	UAAUCACCAGUUCUAUAUUA	+	TTTA	0.25	0.35	0	0	0	1	0.00227272727272727	0.06666666666666667	0.25	0	0	0	1	8	-5.2
AF118462.1	163	TTGATGATACATTGTGGCTA	TRUE	1	1	1	UAGCCACAAUGUAUCAUCAA	+	TTTA	0.35	0.4	0	0	0	1	0.00227272727272727	0.06666666666666667	0.25	0	0	0	1	0	-4.7
AF118462.1	182	ATAAATTTGTTATTGATAAT	FALSE	1	1	1	AUUAUCAAUAACAAAUUUAU	+	TTTA	0.1	0.5	0	0	0	1	0.00227272727272727	0.06666666666666667	0.25	0	0	0	1	4	-6.3
AF118462.1	366	AATGATAACATTGATGTATA	TRUE	1	1	1	UAUACAUCAAUGUUAUCAUU	+	TTTA	0.2	0.35	0	0	0	1	0.00227272727272727	0.06666666666666667	0.25	0	0	0	1	0	-4.7
AF118462.1	403	GTAATTATAATTGTGTTTAA	TRUE	1	1	1	UUAAACACAAUUAUAAUUAC	+	TTTA	0.15	0.5	0	0	0	1	0.00227272727272727	0.06666666666666667	0.25	0	0	0	1	0	-4.7
AF118462.1	506	ACGCGTAATAGTTTCATTTA	TRUE	1	1	1	UAAAUGAAACUAUUACGCGU	+	TTTA	0.3	0.4	0	0	0	1	0.00227272727272727	0.06666666666666667	0.25	0	0	0	1	0	-4.7
AF118459.1	452	AACATAGTATTAATTGCATA	TRUE	1	1	1	UAUGCAAUUAAUACUAUGUU	-	TTTA	0.2	0.35	0	0	0	1	0.00227272727272727	0.06666666666666667	0.25	0	0	0	1	0	-4.7
AF118459.1	444	ATTAATTGCATATAAATAAT	FALSE	1	1	1	AUUAUUUAUAUGCAAUUAAU	-	TTTA	0.1	0.4	0	0	0	1	0.00227272727272727	0.06666666666666667	0.25	0	0	0	1	4	-6.3
AF118459.1	405	AAAGTATGCAGTGTTCGAAT	FALSE	1	1	1	AUUCGAACACUGCAUACUUU	-	TTTA	0.35	0.3	0	0	0	1	0.00227272727272727	0.06666666666666667	0.25	0	0	0	1	3	-4.9
AF118459.1	84	TTCGCAAAGATTTAATTTTA	TRUE	1	1	1	UAAAAUUAAAUCUUUGCGAA	-	TTTA	0.2	0.45	0	0	0	1	0.00227272727272727	0.06666666666666667	0.25	0	0	0	1	0	-4.7
AF118459.1	594	GTGATGGTGATAGACTACGT	FALSE	1	1	1	ACGUAGUCUAUCACCAUCAC	+	TTTG	0.45	0.3	0	0	0	1	0.00227272727272727	0.06666666666666667	0.25	0	0	0	1	8	-5.7
AF118459.1	595	TGATGGTGATAGACTACGTC	FALSE	1	1	1	GACGUAGUCUAUCACCAUCA	+	TTTT	0.45	0.3	0	0	0	1	0.00227272727272727	0.06666666666666667	0.25	0	0	0	1	8	-6.4
AF118459.1	596	GATGGTGATAGACTACGTCA	FALSE	1	1	1	UGACGUAGUCUAUCACCAUC	+	TTTT	0.45	0.25	0	0	0	1	0.00227272727272727	0.06666666666666667	0.25	0	0	0	1	12	-6.6
AF118459.1	605	AGACTACGTCAAAAATGACA	TRUE	1	1	1	UGUCAUUUUUGACGUAGUCU	+	TTTA	0.35	0.15	0	0	0	1	0.00227272727272727	0.06666666666666667	0.25	0	0	0	1	8	-8.5
AF118459.1	606	GACTACGTCAAAAATGACAT	FALSE	1	1	1	AUGUCAUUUUUGACGUAGUC	+	TTTT	0.35	0.2	0	0	0	1	0.00227272727272727	0.06666666666666667	0.25	0	0	0	1	13	-11.4
AF118459.1	695	CCCCGTTCAAAAATTAGCCG	TRUE	1	1	1	CGGCUAAUUUUUGAACGGGG	+	TTTT	0.5	0.2	0	0	0	1	0.00227272727272727	0.06666666666666667	0.25	0	0	0	1	0	-4.7
AF118459.1	81	GCAAAGATTTAATTTTATAA	FALSE	1	1	1	UUAUAAAAUUAAAUCUUUGC	-	TTTT	0.15	0.4	0	0	0	1	0.00227272727272727	0.06666666666666667	0.25	0	0	0	1	13	-5.3
AF118459.1	82	CGCAAAGATTTAATTTTATA	TRUE	1	1	1	UAUAAAAUUAAAUCUUUGCG	-	TTTT	0.2	0.4	0	0	0	1	0.00227272727272727	0.06666666666666667	0.25	0	0	0	1	0	-4.7
AF118459.1	83	TCGCAAAGATTTAATTTTAT	TRUE	1	1	1	AUAAAAUUAAAUCUUUGCGA	-	TTTT	0.2	0.45	0	0	0	1	0.00227272727272727	0.06666666666666667	0.25	0	0	0	1	0	-4.7
AF118459.1	100	ATTTATAAATTATTTATTCG	TRUE	1	1	1	CGAAUAAAUAAUUUAUAAAU	-	TTTG	0.1	0.55	0	0	0	1	0.00227272727272727	0.06666666666666667	0.25	0	0	0	1	0	-4.7
AF118459.1	371	ATCTTATTATCGGGACAATG	TRUE	1	1	1	CAUUGUCCCGAUAAUAAGAU	-	TTTA	0.35	0.35	0	0	0	1	0.00227272727272727	0.06666666666666667	0.25	0	0	0	1	0	-4.7
AF118459.1	115	CCCACACCAATTTAAATTTA	TRUE	1	1	1	UAAAUUUAAAUUGGUGUGGG	-	TTTA	0.3	0.3	0	0	0	1	0.00227272727272727	0.06666666666666667	0.25	0	0	0	1	0	-4.7
AF118459.1	123	ACTCAAATCCCACACCAATT	FALSE	1	1	1	AAUUGGUGUGGGAUUUGAGU	-	TTTA	0.4	0.2	0	0	0	1	0.00227272727272727	0.06666666666666667	0.25	0	0	0	1	5	-5.7
AF118459.1	140	ATCATTATCACCAACCAACT	FALSE	1	1	1	AGUUGGUUGGUGAUAAUGAU	-	TTTG	0.35	0.25	0	0	0	1	0.00227272727272727	0.06666666666666667	0.25	0	0	0	1	5	-5.7
AF118459.1	173	ACGATATTATTTAATTAGAA	TRUE	1	1	1	UUCUAAUUAAAUAAUAUCGU	-	TTTG	0.15	0.4	0	0	0	1	0.00227272727272727	0.06666666666666667	0.25	0	0	0	1	0	-4.7
AF118459.1	196	CATACAGCTAATATAACACC	TRUE	1	1	1	GGUGUUAUAUUAGCUGUAUG	-	TTTT	0.35	0.2	0	0	0	1	0.00227272727272727	0.06666666666666667	0.25	0	0	0	1	0	-4.7
AF118459.1	197	ACATACAGCTAATATAACAC	FALSE	1	1	1	GUGUUAUAUUAGCUGUAUGU	-	TTTG	0.3	0.2	0	0	0	1	0.00227272727272727	0.06666666666666667	0.25	0	0	0	1	12	-4.9
AF118459.1	226	ATAGATCCAATGCAATAATA	FALSE	1	1	1	UAUUAUUGCAUUGGAUCUAU	-	TTTA	0.25	0.25	0	0	0	1	0.00227272727272727	0.06666666666666667	0.25	0	0	0	1	4	-4.8
AF118459.1	258	ACCGAGTATAGACTATCACT	FALSE	1	1	1	AGUGAUAGUCUAUACUCGGU	-	TTTT	0.4	0.25	0	0	0	1	0.00227272727272727	0.06666666666666667	0.25	0	0	0	1	12	-10.5
AF118459.1	259	TACCGAGTATAGACTATCAC	FALSE	1	1	1	GUGAUAGUCUAUACUCGGUA	-	TTTA	0.4	0.25	0	0	0	1	0.00227272727272727	0.06666666666666667	0.25	0	0	0	1	13	-12.7
AF118463.1	90	TAAAATAAAAATAAAATTCT	TRUE	1	1	1	AGAAUUUUAUUUUUAUUUUA	-	TTTT	0.05	0.3	0	0	0	1	0.00227272727272727	0.06666666666666667	0.25	0	0	0	1	0	-4.7
AF118463.1	88	AAATAAAAATAAAATTCTAA	TRUE	1	1	1	UUAGAAUUUUAUUUUUAUUU	-	TTTT	0.05	0.25	0	0	0	1	0.00227272727272727	0.06666666666666667	0.25	0	0	0	1	10	-4.9
AF118458.1	526	TATTTATTTCTTATTTAAAG	FALSE	1	1	1	CUUUAAAUAAGAAAUAAAUA	-	TTTG	0.1	0.6	0	0	0	1	0.00227272727272727	0.06666666666666667	0.25	0	0	0	1	7	-5.6
AF118458.1	82	CCAACTCTAATCTAGAATTT	TRUE	1	1	1	AAAUUCUAGAUUAGAGUUGG	-	TTTT	0.3	0.35	0	0	0	1	0.00227272727272727	0.06666666666666667	0.25	0	0	0	1	14	-8.1
AF118458.1	83	GCCAACTCTAATCTAGAATT	FALSE	1	1	1	AAUUCUAGAUUAGAGUUGGC	-	TTTA	0.35	0.3	0	0	0	1	0.00227272727272727	0.06666666666666667	0.25	0	0	0	1	15	-8.6
AF118458.1	109	ATTTAGATATCAAATCTCCA	FALSE	1	1	1	UGGAGAUUUGAUAUCUAAAU	-	TTTG	0.25	0.35	0	0	0	1	0.00227272727272727	0.06666666666666667	0.25	0	0	0	1	9	-6.2
AF118458.1	119	AATTATTATAATTTAGATAT	TRUE	1	1	1	AUAUCUAAAUUAUAAUAAUU	-	TTTG	0.05	0.5	0	0	0	1	0.00227272727272727	0.06666666666666667	0.25	0	0	0	1	0	-4.7
AF118458.1	145	ATTTTAAAATTATTATTATT	TRUE	1	1	1	AAUAAUAAUAAUUUUAAAAU	-	TTTA	0	0.6	0	0	0	1	0.00227272727272727	0.06666666666666667	0.25	0	0	0	1	0	-4.7
AF118458.1	160	TAACAACCAAATATAATTTT	FALSE	1	1	1	AAAAUUAUAUUUGGUUGUUA	-	TTTT	0.15	0.35	0	0	0	1	0.00227272727272727	0.06666666666666667	0.25	0	0	0	1	10	-6.9
AF118458.1	161	ATAACAACCAAATATAATTT	FALSE	1	1	1	AAAUUAUAUUUGGUUGUUAU	-	TTTA	0.15	0.3	0	0	0	1	0.00227272727272727	0.06666666666666667	0.25	0	0	0	1	11	-6.6
AF118458.1	173	TCATCTATATTAATAACAAC	FALSE	1	1	1	GUUGUUAUUAAUAUAGAUGA	-	TTTG	0.2	0.35	0	0	0	1	0.00227272727272727	0.06666666666666667	0.25	0	0	0	1	4	-6.2
AF118458.1	204	TAATATAAATAACCAAGATA	TRUE	1	1	1	UAUCUUGGUUAUUUAUAUUA	-	TTTA	0.15	0.25	0	0	0	1	0.00227272727272727	0.06666666666666667	0.25	0	0	0	1	0	-4.7
AF118458.1	219	AATTATTAAAACAAATAATA	FALSE	1	1	1	UAUUAUUUGUUUUAAUAAUU	-	TTTA	0.05	0.3	0	0	0	1	0.00227272727272727	0.06666666666666667	0.25	0	0	0	1	11	-5.5
AF118458.1	228	TAAAATTAAAATTATTAAAA	TRUE	1	1	1	UUUUAAUAAUUUUAAUUUUA	-	TTTG	0	0.35	0	0	0	1	0.00227272727272727	0.06666666666666667	0.25	0	0	0	1	0	-4.7
AF118458.1	232	CTTATAAAATTAAAATTATT	TRUE	1	1	1	AAUAAUUUUAAUUUUAUAAG	-	TTTT	0.05	0.45	0	0	0	1	0.00227272727272727	0.06666666666666667	0.25	0	0	0	1	0	-4.7
AF118458.1	233	CCTTATAAAATTAAAATTAT	FALSE	1	1	1	AUAAUUUUAAUUUUAUAAGG	-	TTTA	0.1	0.4	0	0	0	1	0.00227272727272727	0.06666666666666667	0.25	0	0	0	1	9	-5.3
AF118458.1	241	CAATGCAACCTTATAAAATT	TRUE	1	1	1	AAUUUUAUAAGGUUGCAUUG	-	TTTT	0.25	0.3	0	0	0	1	0.00227272727272727	0.06666666666666667	0.25	0	0	0	1	0	-4.7
AF118458.1	242	CCAATGCAACCTTATAAAAT	FALSE	1	1	1	AUUUUAUAAGGUUGCAUUGG	-	TTTA	0.3	0.25	0	0	0	1	0.00227272727272727	0.06666666666666667	0.25	0	0	0	1	3	-4.9
AF118458.1	247	ACCCACCAATGCAACCTTAT	FALSE	1	1	1	AUAAGGUUGCAUUGGUGGGU	-	TTTT	0.45	0.2	0	0	0	1	0.00227272727272727	0.06666666666666667	0.25	0	0	0	1	13	-9.2
AF118458.1	248	AACCCACCAATGCAACCTTA	FALSE	1	1	1	UAAGGUUGCAUUGGUGGGUU	-	TTTA	0.45	0.15	0	0	0	1	0.00227272727272727	0.06666666666666667	0.25	0	0	0	1	13	-8.7
AF118458.1	317	AATATATGTTATAACTAATA	FALSE	1	1	1	UAUUAGUUAUAACAUAUAUU	-	TTTA	0.1	0.4	0	0	0	1	0.00227272727272727	0.06666666666666667	0.25	0	0	0	1	4	-5
AF118458.1	412	AACGTCATAATAGCGTTATA	TRUE	1	1	1	UAUAACGCUAUUAUGACGUU	-	TTTA	0.3	0.3	0	0	0	1	0.00227272727272727	0.06666666666666667	0.25	0	0	0	1	10	-6.2
AF118458.1	462	TATTATAATTATATTCAAAT	FALSE	1	1	1	AUUUGAAUAUAAUUAUAAUA	-	TTTG	0.05	0.5	0	0	0	1	0.00227272727272727	0.06666666666666667	0.25	0	0	0	1	3	-4.9
AF118458.1	467	CGACATATTATAATTATATT	TRUE	1	1	1	AAUAUAAUUAUAAUAUGUCG	-	TTTG	0.15	0.45	0	0	0	1	0.00227272727272727	0.06666666666666667	0.25	0	0	0	1	0	-4.7
AF118458.1	81	CAACTCTAATCTAGAATTTA	TRUE	1	1	1	UAAAUUCUAGAUUAGAGUUG	-	TTTT	0.25	0.35	0	0	0	1	0.00227272727272727	0.06666666666666667	0.25	0	0	0	1	14	-8.1
AF118458.1	80	AACTCTAATCTAGAATTTAA	TRUE	1	1	1	UUAAAUUCUAGAUUAGAGUU	-	TTTT	0.2	0.35	0	0	0	1	0.00227272727272727	0.06666666666666667	0.25	0	0	0	1	14	-7.3
AF118458.1	59	AAACAAGCCTCTGAGAGGCC	TRUE	1	1	1	GGCCUCUCAGAGGCUUGUUU	-	TTTA	0.55	0.1	0	0	0	1	0.00227272727272727	0.06666666666666667	0.25	0	0	0	1	12	-12.6
AF118458.1	362	ATAATATTCTTAAACTATAA	TRUE	1	1	1	UUAUAGUUUAAGAAUAUUAU	+	TTTA	0.1	0.4	0	0	0	1	0.00227272727272727	0.06666666666666667	0.25	0	0	0	1	0	-4.7
AF118458.1	123	CTAAATTATAATAATTCATT	TRUE	1	1	1	AAUGAAUUAUUAUAAUUUAG	+	TTTA	0.1	0.45	0	0	0	1	0.00227272727272727	0.06666666666666667	0.25	0	0	0	1	14	-5.6
AF118458.1	139	CATTTAAATAATAATAATTT	FALSE	1	1	1	AAAUUAUUAUUAUUUAAAUG	+	TTTA	0.05	0.45	0	0	0	1	0.00227272727272727	0.06666666666666667	0.25	0	0	0	1	5	-4.9
AF118458.1	140	ATTTAAATAATAATAATTTT	TRUE	1	1	1	AAAAUUAUUAUUAUUUAAAU	+	TTTT	0	0.5	0	0	0	1	0.00227272727272727	0.06666666666666667	0.25	0	0	0	1	0	-4.7
AF118458.1	279	CGCGTTGTGATGGCTATAAT	FALSE	1	1	1	AUUAUAGCCAUCACAACGCG	+	TTTG	0.45	0.35	0	0	0	1	0.00227272727272727	0.06666666666666667	0.25	0	0	0	1	4	-6.3
AF118458.1	280	GCGTTGTGATGGCTATAATC	FALSE	1	1	1	GAUUAUAGCCAUCACAACGC	+	TTTT	0.45	0.35	0	0	0	1	0.00227272727272727	0.06666666666666667	0.25	0	0	0	1	5	-5.9
AF118458.1	281	CGTTGTGATGGCTATAATCA	FALSE	1	1	1	UGAUUAUAGCCAUCACAACG	+	TTTT	0.4	0.35	0	0	0	1	0.00227272727272727	0.06666666666666667	0.25	0	0	0	1	5	-5.3
AF118458.1	334	ATTGTGGCTATTATAATCAA	FALSE	1	1	1	UUGAUUAUAAUAGCCACAAU	+	TTTA	0.25	0.4	0	0	0	1	0.00227272727272727	0.06666666666666667	0.25	0	0	0	1	5	-4.9
AF118458.1	335	TTGTGGCTATTATAATCAAT	FALSE	1	1	1	AUUGAUUAUAAUAGCCACAA	+	TTTT	0.25	0.45	0	0	0	1	0.00227272727272727	0.06666666666666667	0.25	0	0	0	1	4	-6.2
AF118458.1	352	AATAAAATCAATAATATTCT	TRUE	1	1	1	AGAAUAUUAUUGAUUUUAUU	+	TTTA	0.1	0.35	0	0	0	1	0.00227272727272727	0.06666666666666667	0.25	0	0	0	1	0	-4.7
AF118458.1	509	CATAGAGCTACACTTTGCTT	TRUE	1	1	1	AAGCAAAGUGUAGCUCUAUG	+	TTTA	0.4	0.35	0	0	0	1	0.00227272727272727	0.06666666666666667	0.25	0	0	0	1	6	-6.4
AF118458.1	45	GAGGCCTAAATTCTGAATTC	TRUE	1	1	1	GAAUUCAGAAUUUAGGCCUC	-	TTTA	0.4	0.3	0	0	0	1	0.00227272727272727	0.06666666666666667	0.25	0	0	0	1	0	-4.7
AF118458.1	516	CTACACTTTGCTTTAAATAA	TRUE	1	1	1	UUAUUUAAAGCAAAGUGUAG	+	TTTC	0.25	0.4	0	0	0	1	0.00227272727272727	0.06666666666666667	0.25	0	0	0	1	0	-4.7
AF118458.1	520	ACTTTGCTTTAAATAAGAAA	TRUE	1	1	1	UUUCUUAUUUAAAGCAAAGU	+	TTTA	0.2	0.35	0	0	0	1	0.00227272727272727	0.06666666666666667	0.25	0	0	0	1	0	-4.7
AF118458.1	540	TAAATATACTTAATAGAGGC	TRUE	1	1	1	GCCUCUAUUAAGUAUAUUUA	+	TTTA	0.25	0.3	0	0	0	1	0.00227272727272727	0.06666666666666667	0.25	0	0	0	1	0	-4.7
AF118458.1	582	TTAAGTTTAATCGGATTTGA	TRUE	1	1	1	UCAAAUCCGAUUAAACUUAA	+	TTTA	0.25	0.45	0	0	0	1	0.00227272727272727	0.06666666666666667	0.25	0	0	0	1	0	-4.7
AF118458.1	591	ATCGGATTTGATAAATTTAT	TRUE	1	1	1	AUAAAUUUAUCAAAUCCGAU	+	TTTA	0.2	0.45	0	0	0	1	0.00227272727272727	0.06666666666666667	0.25	0	0	0	1	0	-4.7
AF118458.1	592	TCGGATTTGATAAATTTATT	TRUE	1	1	1	AAUAAAUUUAUCAAAUCCGA	+	TTTT	0.2	0.5	0	0	0	1	0.00227272727272727	0.06666666666666667	0.25	0	0	0	1	0	-4.7
AF118458.1	593	CGGATTTGATAAATTTATTA	TRUE	1	1	1	UAAUAAAUUUAUCAAAUCCG	+	TTTT	0.2	0.45	0	0	0	1	0.00227272727272727	0.06666666666666667	0.25	0	0	0	1	0	-4.7
AF118458.1	603	AAATTTATTAAAAATAGCTC	TRUE	1	1	1	GAGCUAUUUUUAAUAAAUUU	+	TTTG	0.15	0.35	0	0	0	1	0.00227272727272727	0.06666666666666667	0.25	0	0	0	1	0	-4.7
AF118458.1	604	AATTTATTAAAAATAGCTCC	TRUE	1	1	1	GGAGCUAUUUUUAAUAAAUU	+	TTTT	0.2	0.35	0	0	0	1	0.00227272727272727	0.06666666666666667	0.25	0	0	0	1	0	-4.7
AF118458.1	507	GCAAAGTGTAGCTCTATGAA	FALSE	1	1	1	UUCAUAGAGCUACACUUUGC	-	TTTA	0.4	0.25	0	0	0	1	0.00227272727272727	0.06666666666666667	0.25	0	0	0	1	13	-8.1
AF118458.1	531	AAGTATATTTATTTCTTATT	TRUE	1	1	1	AAUAAGAAAUAAAUAUACUU	-	TTTA	0.1	0.6	0	0	0	1	0.00227272727272727	0.06666666666666667	0.25	0	0	0	1	0	-4.7
AF118473.1	605	CGATTTCGACCCTATTTTTA	TRUE	1	1	1	UAAAAAUAGGGUCGAAAUCG	-	TTTA	0.35	0.45	0	0	0	1	0.00227272727272727	0.06666666666666667	0.25	0	0	0	1	0	-4.7
AF118458.1	584	TATCAAATCCGATTAAACTT	TRUE	1	1	1	AAGUUUAAUCGGAUUUGAUA	-	TTTT	0.25	0.35	0	0	0	1	0.00227272727272727	0.06666666666666667	0.25	0	0	0	1	8	-5
AF118473.1	315	ACTACAACTTATATTGATAT	TRUE	1	1	1	AUAUCAAUAUAAGUUGUAGU	-	TTTA	0.2	0.4	0	0	0	1	0.00227272727272727	0.06666666666666667	0.25	0	0	0	1	0	-4.7
AF118473.1	414	ATTATAAAATCAATTAAAAC	FALSE	1	1	1	GUUUUAAUUGAUUUUAUAAU	-	TTTA	0.1	0.3	0	0	0	1	0.00227272727272727	0.06666666666666667	0.25	0	0	0	1	3	-5.1
AF118473.1	419	CTTAAATTATAAAATCAATT	FALSE	1	1	1	AAUUGAUUUUAUAAUUUAAG	-	TTTT	0.1	0.4	0	0	0	1	0.00227272727272727	0.06666666666666667	0.25	0	0	0	1	5	-5.7
AF118473.1	420	ACTTAAATTATAAAATCAAT	FALSE	1	1	1	AUUGAUUUUAUAAUUUAAGU	-	TTTA	0.1	0.35	0	0	0	1	0.00227272727272727	0.06666666666666667	0.25	0	0	0	1	4	-6.2
AF118473.1	429	CATAGTAAAACTTAAATTAT	TRUE	1	1	1	AUAAUUUAAGUUUUACUAUG	-	TTTT	0.15	0.35	0	0	0	1	0.00227272727272727	0.06666666666666667	0.25	0	0	0	1	0	-4.7
AF118473.1	430	CCATAGTAAAACTTAAATTA	TRUE	1	1	1	UAAUUUAAGUUUUACUAUGG	-	TTTA	0.2	0.3	0	0	0	1	0.00227272727272727	0.06666666666666667	0.25	0	0	0	1	0	-4.7
AF118473.1	437	AGTGATACCATAGTAAAACT	TRUE	1	1	1	AGUUUUACUAUGGUAUCACU	-	TTTA	0.3	0.25	0	0	0	1	0.00227272727272727	0.06666666666666667	0.25	0	0	0	1	12	-5.9
AF118473.1	443	AATAACAGTGATACCATAGT	TRUE	1	1	1	ACUAUGGUAUCACUGUUAUU	-	TTTT	0.3	0.25	0	0	0	1	0.00227272727272727	0.06666666666666667	0.25	0	0	0	1	0	-4.7
AF118473.1	444	TAATAACAGTGATACCATAG	TRUE	1	1	1	CUAUGGUAUCACUGUUAUUA	-	TTTA	0.3	0.25	0	0	0	1	0.00227272727272727	0.06666666666666667	0.25	0	0	0	1	0	-4.7
AF118473.1	468	AGTTGTAATCTTATAATCAA	FALSE	1	1	1	UUGAUUAUAAGAUUACAACU	-	TTTC	0.2	0.4	0	0	0	1	0.00227272727272727	0.06666666666666667	0.25	0	0	0	1	5	-4.9
AF118473.1	491	CACAAGTAAATAAAGAAAAT	FALSE	1	1	1	AUUUUCUUUAUUUACUUGUG	-	TTTT	0.2	0.15	0	0	0	1	0.00227272727272727	0.06666666666666667	0.25	0	0	0	1	3	-4.9
AF118473.1	492	ACACAAGTAAATAAAGAAAA	TRUE	1	1	1	UUUUCUUUAUUUACUUGUGU	-	TTTA	0.2	0.1	0	0	0	1	0.00227272727272727	0.06666666666666667	0.25	0	0	0	1	0	-4.7
AF118473.1	496	TAACACACAAGTAAATAAAG	TRUE	1	1	1	CUUUAUUUACUUGUGUGUUA	-	TTTT	0.25	0.15	0	0	0	1	0.00227272727272727	0.06666666666666667	0.25	0	0	0	1	0	-4.7
AF118473.1	497	CTAACACACAAGTAAATAAA	FALSE	1	1	1	UUUAUUUACUUGUGUGUUAG	-	TTTC	0.25	0.15	0	0	0	1	0.00227272727272727	0.06666666666666667	0.25	0	0	0	1	3	-6.1
AF118473.1	501	AAAGCTAACACACAAGTAAA	FALSE	1	1	1	UUUACUUGUGUGUUAGCUUU	-	TTTA	0.3	0.1	0	0	0	1	0.00227272727272727	0.06666666666666667	0.25	0	0	0	1	3	-6
AF118473.1	505	CATCAAAGCTAACACACAAG	FALSE	1	1	1	CUUGUGUGUUAGCUUUGAUG	-	TTTA	0.4	0.1	0	0	0	1	0.00227272727272727	0.06666666666666667	0.25	0	0	0	1	3	-4.9
AF118473.1	522	TCTACGCGACACAGCGGCAT	FALSE	1	1	1	AUGCCGCUGUGUCGCGUAGA	-	TTTG	0.6	0.15	0	0	0	1	0.00227272727272727	0.06666666666666667	0.25	0	0	0	1	13	-7.9
AF118473.1	576	GAAAAAGTATAGCGTCTTAT	FALSE	1	1	1	AUAAGACGCUAUACUUUUUC	-	TTTG	0.3	0.3	0	0	0	1	0.00227272727272727	0.06666666666666667	0.25	0	0	0	1	8	-5.8
AF118473.1	594	CTATTTTTATAAATTTTAGA	TRUE	1	1	1	UCUAAAAUUUAUAAAAAUAG	-	TTTT	0.1	0.55	0	0	0	1	0.00227272727272727	0.06666666666666667	0.25	0	0	0	1	0	-4.7
AF118473.1	595	CCTATTTTTATAAATTTTAG	TRUE	1	1	1	CUAAAAUUUAUAAAAAUAGG	-	TTTT	0.15	0.55	0	0	0	1	0.00227272727272727	0.06666666666666667	0.25	0	0	0	1	0	-4.7
AF118473.1	596	CCCTATTTTTATAAATTTTA	TRUE	1	1	1	UAAAAUUUAUAAAAAUAGGG	-	TTTC	0.15	0.55	0	0	0	1	0.00227272727272727	0.06666666666666667	0.25	0	0	0	1	0	-4.7
AF118473.1	144	GGTAATAATATCAATTTAAC	FALSE	1	1	1	GUUAAAUUGAUAUUAUUACC	-	TTTA	0.2	0.35	0	0	0	1	0.00227272727272727	0.06666666666666667	0.25	0	0	0	1	4	-6.7
AF118473.1	131	ATTTAACTAAATATAACAAC	FALSE	1	1	1	GUUGUUAUAUUUAGUUAAAU	-	TTTA	0.15	0.3	0	0	0	1	0.00227272727272727	0.06666666666666667	0.25	0	0	0	1	11	-7.7
AF118473.1	130	TTTAACTAAATATAACAACT	FALSE	1	1	1	AGUUGUUAUAUUUAGUUAAA	-	TTTT	0.15	0.35	0	0	0	1	0.00227272727272727	0.06666666666666667	0.25	0	0	0	1	11	-7.1
AF118473.1	523	TGCCGCTGTGTCGCGTAGAT	TRUE	1	1	1	AUCUACGCGACACAGCGGCA	+	TTTT	0.6	0.3	0	0	0	1	0.00227272727272727	0.06666666666666667	0.25	0	0	0	1	6	-9
AF118458.1	585	TTATCAAATCCGATTAAACT	TRUE	1	1	1	AGUUUAAUCGGAUUUGAUAA	-	TTTA	0.25	0.35	0	0	0	1	0.00227272727272727	0.06666666666666667	0.25	0	0	0	1	8	-5
AF118458.1	591	ATAAATTTATCAAATCCGAT	FALSE	1	1	1	AUCGGAUUUGAUAAAUUUAU	-	TTTA	0.2	0.35	0	0	0	1	0.00227272727272727	0.06666666666666667	0.25	0	0	0	1	9	-6.1
AF118458.1	601	GCTATTTTTAATAAATTTAT	TRUE	1	1	1	AUAAAUUUAUUAAAAAUAGC	-	TTTG	0.1	0.55	0	0	0	1	0.00227272727272727	0.06666666666666667	0.25	0	0	0	1	0	-4.7
AF118473.1	32	CCGGGCTGAGTTAGGATTGG	TRUE	1	1	1	CCAAUCCUAACUCAGCCCGG	+	TTTA	0.6	0.25	0	0	0	1	0.00227272727272727	0.06666666666666667	0.25	0	0	0	1	0	-4.7
AF118473.1	33	CGGGCTGAGTTAGGATTGGT	TRUE	1	1	1	ACCAAUCCUAACUCAGCCCG	+	TTTT	0.55	0.3	0	0	0	1	0.00227272727272727	0.06666666666666667	0.25	0	0	0	1	0	-4.7
AF118473.1	86	TATCTAACTATAATCGCGAA	TRUE	1	1	1	UUCGCGAUUAUAGUUAGAUA	+	TTTA	0.3	0.3	0	0	0	1	0.00227272727272727	0.06666666666666667	0.25	0	0	0	1	0	-4.7
AF118473.1	126	TTTTAGTTGTTATATTTAGT	TRUE	1	1	1	ACUAAAUAUAACAACUAAAA	+	TTTA	0.15	0.65	0	0	0	1	0.00227272727272727	0.06666666666666667	0.25	0	0	0	1	0	-4.7
AF118473.1	207	TACGATACTAACATTAGTAA	TRUE	1	1	1	UUACUAAUGUUAGUAUCGUA	+	TTTA	0.25	0.3	0	0	0	1	0.00227272727272727	0.06666666666666667	0.25	0	0	0	1	10	-6.8
AF118473.1	522	ATGCCGCTGTGTCGCGTAGA	TRUE	1	1	1	UCUACGCGACACAGCGGCAU	+	TTTA	0.6	0.25	0	0	0	1	0.00227272727272727	0.06666666666666667	0.25	0	0	0	1	6	-9
AF118473.1	524	GCCGCTGTGTCGCGTAGATA	TRUE	1	1	1	UAUCUACGCGACACAGCGGC	+	TTTT	0.6	0.25	0	0	0	1	0.00227272727272727	0.06666666666666667	0.25	0	0	0	1	6	-9
AF118473.1	687	CCCCGTTCAAAAATAGCCCA	TRUE	1	1	1	UGGGCUAUUUUUGAACGGGG	+	TTTT	0.5	0.15	0	0	0	1	0.00227272727272727	0.06666666666666667	0.25	0	0	0	1	0	-4.7
AF118473.1	536	CGTAGATAAAAATGATTGCG	TRUE	1	1	1	CGCAAUCAUUUUUAUCUACG	+	TTTA	0.35	0.25	0	0	0	1	0.00227272727272727	0.06666666666666667	0.25	0	0	0	1	0	-4.7
AF118473.1	541	ATAAAAATGATTGCGTAAAT	FALSE	1	1	1	AUUUACGCAAUCAUUUUUAU	+	TTTC	0.2	0.3	0	0	0	1	0.00227272727272727	0.06666666666666667	0.25	0	0	0	1	3	-4.9
AF118473.1	576	ATAAGACGCTATACTTTTTC	TRUE	1	1	1	GAAAAAGUAUAGCGUCUUAU	+	TTTA	0.3	0.4	0	0	0	1	0.00227272727272727	0.06666666666666667	0.25	0	0	0	1	0	-4.7
AF118473.1	577	TAAGACGCTATACTTTTTCT	TRUE	1	1	1	AGAAAAAGUAUAGCGUCUUA	+	TTTT	0.3	0.45	0	0	0	1	0.00227272727272727	0.06666666666666667	0.25	0	0	0	1	0	-4.7
AF118473.1	585	TATACTTTTTCTAAAATTTA	TRUE	1	1	1	UAAAUUUUAGAAAAAGUAUA	+	TTTA	0.1	0.55	0	0	0	1	0.00227272727272727	0.06666666666666667	0.25	0	0	0	1	0	-4.7
AF118473.1	586	ATACTTTTTCTAAAATTTAT	TRUE	1	1	1	AUAAAUUUUAGAAAAAGUAU	+	TTTT	0.1	0.55	0	0	0	1	0.00227272727272727	0.06666666666666667	0.25	0	0	0	1	0	-4.7
AF118473.1	587	TACTTTTTCTAAAATTTATA	TRUE	1	1	1	UAUAAAUUUUAGAAAAAGUA	+	TTTT	0.1	0.55	0	0	0	1	0.00227272727272727	0.06666666666666667	0.25	0	0	0	1	0	-4.7
AF118473.1	598	AAATTTATAAAAATAGGGTC	TRUE	1	1	1	GACCCUAUUUUUAUAAAUUU	+	TTTC	0.2	0.3	0	0	0	1	0.00227272727272727	0.06666666666666667	0.25	0	0	0	1	0	-4.7
AF118473.1	685	AACCCCGTTCAAAAATAGCC	TRUE	1	1	1	GGCUAUUUUUGAACGGGGUU	+	TTTG	0.45	0.15	0	0	0	1	0.00227272727272727	0.06666666666666667	0.25	0	0	0	1	0	-4.7
AF118462.1	583	GTTAGGCTGCAATAAAATTA	TRUE	1	1	1	UAAUUUUAUUGCAGCCUAAC	+	TTTA	0.3	0.3	0	0	0	1	0.00227272727272727	0.06666666666666667	0.25	0	0	0	1	0	-4.7
AF118462.1	584	TTAGGCTGCAATAAAATTAT	TRUE	1	1	1	AUAAUUUUAUUGCAGCCUAA	+	TTTT	0.25	0.35	0	0	0	1	0.00227272727272727	0.06666666666666667	0.25	0	0	0	1	0	-4.7
AF118462.1	585	TAGGCTGCAATAAAATTATA	TRUE	1	1	1	UAUAAUUUUAUUGCAGCCUA	+	TTTT	0.25	0.3	0	0	0	1	0.00227272727272727	0.06666666666666667	0.25	0	0	0	1	0	-4.7
AF118462.1	596	AAAATTATAAAAATTTATAA	TRUE	1	1	1	UUAUAAAUUUUUAUAAUUUU	+	TTTT	0	0.35	0	0	0	1	0.00227272727272727	0.06666666666666667	0.25	0	0	0	1	12	-5.4
AF118462.1	482	ATCATAACTATGACATAGAC	TRUE	1	1	1	GUCUAUGUCAUAGUUAUGAU	-	TTTT	0.3	0.25	0	0	0	1	0.00227272727272727	0.06666666666666667	0.25	0	0	0	1	10	-6.1
AF118462.1	483	AATCATAACTATGACATAGA	TRUE	1	1	1	UCUAUGUCAUAGUUAUGAUU	-	TTTG	0.25	0.25	0	0	0	1	0.00227272727272727	0.06666666666666667	0.25	0	0	0	1	10	-6.4
AF118462.1	534	GTTAGAATAAAGTTTGTATT	TRUE	1	1	1	AAUACAAACUUUAUUCUAAC	-	TTTA	0.2	0.45	0	0	0	1	0.00227272727272727	0.06666666666666667	0.25	0	0	0	1	0	-4.7
AF118462.1	547	ATTAATAGCTAATGTTAGAA	TRUE	1	1	1	UUCUAACAUUAGCUAUUAAU	-	TTTA	0.2	0.35	0	0	0	1	0.00227272727272727	0.06666666666666667	0.25	0	0	0	1	0	-4.7
AF118462.1	613	CGATTTCGAACCCTTTTTTA	TRUE	1	1	1	UAAAAAAGGGUUCGAAAUCG	-	TTTA	0.35	0.45	0	0	0	1	0.00227272727272727	0.06666666666666667	0.25	0	0	0	1	0	-4.7
AF118466.1	329	GCTAATATAGGGTAATGAAG	TRUE	1	1	1	CUUCAUUACCCUAUAUUAGC	+	TTTA	0.35	0.25	0	0	0	1	0.00227272727272727	0.06666666666666667	0.25	0	0	0	1	0	-4.7
AF118466.1	515	TCTTGCGTATGCTGATTGAT	TRUE	1	1	1	AUCAAUCAGCAUACGCAAGA	+	TTTA	0.4	0.45	0	0	0	1	0.00227272727272727	0.06666666666666667	0.25	0	0	0	1	4	-5.5
AF118466.1	521	GTATGCTGATTGATTAAATT	TRUE	1	1	1	AAUUUAAUCAAUCAGCAUAC	+	TTTA	0.25	0.45	0	0	0	1	0.00227272727272727	0.06666666666666667	0.25	0	0	0	1	0	-4.7
AF118466.1	522	TATGCTGATTGATTAAATTT	TRUE	1	1	1	AAAUUUAAUCAAUCAGCAUA	+	TTTT	0.2	0.5	0	0	0	1	0.00227272727272727	0.06666666666666667	0.25	0	0	0	1	0	-4.7
AF118466.1	523	ATGCTGATTGATTAAATTTA	TRUE	1	1	1	UAAAUUUAAUCAAUCAGCAU	+	TTTT	0.2	0.45	0	0	0	1	0.00227272727272727	0.06666666666666667	0.25	0	0	0	1	0	-4.7
AF118466.1	505	ATACGCAAGAGAACAATTAT	TRUE	1	1	1	AUAAUUGUUCUCUUGCGUAU	-	TTTA	0.3	0.2	0	0	0	1	0.00227272727272727	0.06666666666666667	0.25	0	0	0	1	0	-4.7
AF118462.1	481	TCATAACTATGACATAGACA	TRUE	1	1	1	UGUCUAUGUCAUAGUUAUGA	-	TTTT	0.3	0.25	0	0	0	1	0.00227272727272727	0.06666666666666667	0.25	0	0	0	1	0	-4.7
AF118462.1	475	CTATGACATAGACAAAAAGA	TRUE	1	1	1	UCUUUUUGUCUAUGUCAUAG	-	TTTA	0.3	0.15	0	0	0	1	0.00227272727272727	0.06666666666666667	0.25	0	0	0	1	0	-4.7
AF118462.1	474	TATGACATAGACAAAAAGAT	FALSE	1	1	1	AUCUUUUUGUCUAUGUCAUA	-	TTTT	0.25	0.2	0	0	0	1	0.00227272727272727	0.06666666666666667	0.25	0	0	0	1	8	-5.7
AF118462.1	99	CACTAAAGCCAATATTAAAA	TRUE	1	1	1	UUUUAAUAUUGGCUUUAGUG	-	TTTA	0.25	0.2	0	0	0	1	0.00227272727272727	0.06666666666666667	0.25	0	0	0	1	0	-4.7
AF118462.1	606	AAATTTATAAAAAAGGGTTC	TRUE	1	1	1	GAACCCUUUUUUAUAAAUUU	+	TTTC	0.2	0.3	0	0	0	1	0.00227272727272727	0.06666666666666667	0.25	0	0	0	1	0	-4.7
AF118462.1	81	AATAAAAATTTAAAATTTAA	TRUE	1	1	1	UUAAAUUUUAAAUUUUUAUU	-	TTTT	0	0.35	0	0	0	1	0.00227272727272727	0.06666666666666667	0.25	0	0	0	1	0	-4.7
AF118462.1	82	AAATAAAAATTTAAAATTTA	TRUE	1	1	1	UAAAUUUUAAAUUUUUAUUU	-	TTTT	0	0.35	0	0	0	1	0.00227272727272727	0.06666666666666667	0.25	0	0	0	1	0	-4.7
AF118462.1	83	AAAATAAAAATTTAAAATTT	TRUE	1	1	1	AAAUUUUAAAUUUUUAUUUU	-	TTTT	0	0.35	0	0	0	1	0.00227272727272727	0.06666666666666667	0.25	0	0	0	1	0	-4.7
AF118462.1	84	TAAAATAAAAATTTAAAATT	TRUE	1	1	1	AAUUUUAAAUUUUUAUUUUA	-	TTTA	0	0.35	0	0	0	1	0.00227272727272727	0.06666666666666667	0.25	0	0	0	1	0	-4.7
AF118462.1	90	CAATATTAAAATAAAAATTT	TRUE	1	1	1	AAAUUUUUAUUUUAAUAUUG	-	TTTT	0.05	0.35	0	0	0	1	0.00227272727272727	0.06666666666666667	0.25	0	0	0	1	0	-4.7
AF118462.1	91	CCAATATTAAAATAAAAATT	TRUE	1	1	1	AAUUUUUAUUUUAAUAUUGG	-	TTTA	0.1	0.3	0	0	0	1	0.00227272727272727	0.06666666666666667	0.25	0	0	0	1	0	-4.7
AF118462.1	97	CTAAAGCCAATATTAAAATA	TRUE	1	1	1	UAUUUUAAUAUUGGCUUUAG	-	TTTT	0.2	0.25	0	0	0	1	0.00227272727272727	0.06666666666666667	0.25	0	0	0	1	0	-4.7
AF118462.1	98	ACTAAAGCCAATATTAAAAT	FALSE	1	1	1	AUUUUAAUAUUGGCUUUAGU	-	TTTT	0.2	0.25	0	0	0	1	0.00227272727272727	0.06666666666666667	0.25	0	0	0	1	15	-5.1
AF118462.1	103	CTAACACTAAAGCCAATATT	FALSE	1	1	1	AAUAUUGGCUUUAGUGUUAG	-	TTTT	0.3	0.25	0	0	0	1	0.00227272727272727	0.06666666666666667	0.25	0	0	0	1	15	-7.5
AF118462.1	450	CTAATGTGAGTATATAATAA	TRUE	1	1	1	UUAUUAUAUACUCACAUUAG	-	TTTG	0.2	0.35	0	0	0	1	0.00227272727272727	0.06666666666666667	0.25	0	0	0	1	0	-4.7
AF118462.1	104	TCTAACACTAAAGCCAATAT	TRUE	1	1	1	AUAUUGGCUUUAGUGUUAGA	-	TTTA	0.3	0.25	0	0	0	1	0.00227272727272727	0.06666666666666667	0.25	0	0	0	1	8	-5.9
AF118462.1	116	ATCTAATTCAAATCTAACAC	FALSE	1	1	1	GUGUUAGAUUUGAAUUAGAU	-	TTTA	0.25	0.3	0	0	0	1	0.00227272727272727	0.06666666666666667	0.25	0	0	0	1	2	-4.8
AF118462.1	128	TTCTATATTAAAATCTAATT	FALSE	1	1	1	AAUUAGAUUUUAAUAUAGAA	-	TTTG	0.1	0.5	0	0	0	1	0.00227272727272727	0.06666666666666667	0.25	0	0	0	1	5	-6
AF118462.1	139	ATAATCACCAGTTCTATATT	TRUE	1	1	1	AAUAUAGAACUGGUGAUUAU	-	TTTT	0.25	0.4	0	0	0	1	0.00227272727272727	0.06666666666666667	0.25	0	0	0	1	0	-4.7
AF118462.1	140	TATAATCACCAGTTCTATAT	TRUE	1	1	1	AUAUAGAACUGGUGAUUAUA	-	TTTA	0.25	0.4	0	0	0	1	0.00227272727272727	0.06666666666666667	0.25	0	0	0	1	0	-4.7
AF118462.1	395	AATTATAATTACTGACTATT	TRUE	1	1	1	AAUAGUCAGUAAUUAUAAUU	-	TTTT	0.15	0.45	0	0	0	1	0.00227272727272727	0.06666666666666667	0.25	0	0	0	1	0	-4.7
AF118462.1	396	CAATTATAATTACTGACTAT	FALSE	1	1	1	AUAGUCAGUAAUUAUAAUUG	-	TTTA	0.2	0.4	0	0	0	1	0.00227272727272727	0.06666666666666667	0.25	0	0	0	1	11	-5.2
AF118462.1	422	AGTTAATAATATAAATTTAT	TRUE	1	1	1	AUAAAUUUAUAUUAUUAACU	-	TTTA	0.05	0.45	0	0	0	1	0.00227272727272727	0.06666666666666667	0.25	0	0	0	1	0	-4.7
AF118462.1	431	ACAAAGCAGAGTTAATAATA	FALSE	1	1	1	UAUUAUUAACUCUGCUUUGU	-	TTTA	0.25	0.2	0	0	0	1	0.00227272727272727	0.06666666666666667	0.25	0	0	0	1	4	-4.8
AF118458.1	104	ATTTGTGGAGATTTGATATC	FALSE	1	1	1	GAUAUCAAAUCUCCACAAAU	+	TTTA	0.3	0.45	0	0	0	1	0.00227272727272727	0.06666666666666667	0.25	0	0	0	1	7	-6.2
