accession	start	target	total_hit	strains_hit	subtypes_hit	spacer	strand	PAM	GC_content	A_content	Leishmania braziliensis	Leishmania lainsoni	Leishmania guyanensis	Leishmania panamensis	prop_total_hit	prop_strains_hit	prop_subtypes_hit	prop_Leishmania braziliensis	prop_Leishmania lainsoni	prop_Leishmania guyanensis	prop_Leishmania panamensis
HQ878382.1	673	AACGGGGTTTCTGTATGCCA	2	2	1	UGGCAUACAGAAACCCCGUU	-	TTTT	0.5	0.3	0	0	2	0	0.6666666666666666	0.6666666666666666	1.0			0.6666666666666666	
HQ878382.1	640	TCTGGGTAGGGGCGTTCTGC	2	2	1	GCAGAACGCCCCUACCCAGA	+	TTTT	0.65	0.3	0	0	2	0	0.6666666666666666	0.6666666666666666	1.0			0.6666666666666666	
HQ878382.1	675	GCATACAGAAACCCCGTTCA	2	2	1	UGAACGGGGUUUCUGUAUGC	+	TTTT	0.5	0.15	0	0	2	0	0.6666666666666666	0.6666666666666666	1.0			0.6666666666666666	
HQ878382.1	674	GGCATACAGAAACCCCGTTC	2	2	1	GAACGGGGUUUCUGUAUGCC	+	TTTT	0.55	0.15	0	0	2	0	0.6666666666666666	0.6666666666666666	1.0			0.6666666666666666	
HQ878382.1	673	TGGCATACAGAAACCCCGTT	2	2	1	AACGGGGUUUCUGUAUGCCA	+	TTTG	0.5	0.2	0	0	2	0	0.6666666666666666	0.6666666666666666	1.0			0.6666666666666666	
HQ878382.1	639	CTCTGGGTAGGGGCGTTCTG	2	2	1	CAGAACGCCCCUACCCAGAG	+	TTTG	0.65	0.3	0	0	2	0	0.6666666666666666	0.6666666666666666	1.0			0.6666666666666666	
HQ878382.1	675	TGAACGGGGTTTCTGTATGC	2	2	1	GCAUACAGAAACCCCGUUCA	-	TTTG	0.5	0.35	0	0	2	0	0.6666666666666666	0.6666666666666666	1.0			0.6666666666666666	
HQ878382.1	674	GAACGGGGTTTCTGTATGCC	2	2	1	GGCAUACAGAAACCCCGUUC	-	TTTT	0.55	0.3	0	0	2	0	0.6666666666666666	0.6666666666666666	1.0			0.6666666666666666	
AF130467.1	365	CCCAAAAATGCCATTTTCGG	1	1	1	CCGAAAAUGGCAUUUUUGGG	+	TTTG	0.45	0.25	0	0	1	0	0.3333333333333333	0.3333333333333333	1.0			0.3333333333333333	
AF130467.1	153	TTTAGGCAGAAGGCACACCC	1	1	1	GGGUGUGCCUUCUGCCUAAA	+	TTTG	0.55	0.15	0	0	1	0	0.3333333333333333	0.3333333333333333	1.0			0.3333333333333333	
AF130467.1	164	GGCACACCCCAAACAAGCAG	1	1	1	CUGCUUGUUUGGGGUGUGCC	+	TTTG	0.6	0.0	0	0	1	0	0.3333333333333333	0.3333333333333333	1.0			0.3333333333333333	
AF130467.1	165	GCACACCCCAAACAAGCAGC	1	1	1	GCUGCUUGUUUGGGGUGUGC	+	TTTT	0.6	0.0	0	0	1	0	0.3333333333333333	0.3333333333333333	1.0			0.3333333333333333	
AF130467.1	181	CAGCAAAACCCGAAGCCCGC	1	1	1	GCGGGCUUCGGGUUUUGCUG	+	TTTG	0.65	0.0	0	0	1	0	0.3333333333333333	0.3333333333333333	1.0			0.3333333333333333	
AF130467.1	182	AGCAAAACCCGAAGCCCGCC	1	1	1	GGCGGGCUUCGGGUUUUGCU	+	TTTT	0.65	0.0	0	0	1	0	0.3333333333333333	0.3333333333333333	1.0			0.3333333333333333	
AF130467.1	524	GGGAGCCGCACCATCCTAAC	1	1	1	GUUAGGAUGGUGCGGCUCCC	+	TTTT	0.65	0.1	0	0	1	0	0.3333333333333333	0.3333333333333333	1.0			0.3333333333333333	
AF130467.1	349	TTGCAGCCTCCCGAGCCCCA	1	1	1	UGGGGCUCGGGAGGCUGCAA	+	TTTT	0.7	0.15	0	0	1	0	0.3333333333333333	0.3333333333333333	1.0			0.3333333333333333	
AF130467.1	183	GCAAAACCCGAAGCCCGCCA	1	1	1	UGGCGGGCUUCGGGUUUUGC	+	TTTT	0.65	0.0	0	0	1	0	0.3333333333333333	0.3333333333333333	1.0			0.3333333333333333	
AF130467.1	523	CGGGAGCCGCACCATCCTAA	1	1	1	UUAGGAUGGUGCGGCUCCCG	+	TTTG	0.65	0.1	0	0	1	0	0.3333333333333333	0.3333333333333333	1.0			0.3333333333333333	
AF130467.1	124	AGCAACATCAATTCCACATC	1	1	1	GAUGUGGAAUUGAUGUUGCU	+	TTTG	0.4	0.2	0	0	1	0	0.3333333333333333	0.3333333333333333	1.0			0.3333333333333333	
AF130467.1	205	AAGAAGCCGTCCAGCCCACA	1	1	1	UGUGGGCUGGACGGCUUCUU	+	TTTA	0.6	0.05	0	0	1	0	0.3333333333333333	0.3333333333333333	1.0			0.3333333333333333	
AF130467.1	347	GTTTGCAGCCTCCCGAGCCC	1	1	1	GGGCUCGGGAGGCUGCAAAC	+	TTTG	0.7	0.2	0	0	1	0	0.3333333333333333	0.3333333333333333	1.0			0.3333333333333333	
AF130467.1	348	TTTGCAGCCTCCCGAGCCCC	1	1	1	GGGGCUCGGGAGGCUGCAAA	+	TTTT	0.7	0.2	0	0	1	0	0.3333333333333333	0.3333333333333333	1.0			0.3333333333333333	
AF130467.1	128	ACATCAATTCCACATCCAAA	1	1	1	UUUGGAUGUGGAAUUGAUGU	+	TTTC	0.35	0.2	0	0	1	0	0.3333333333333333	0.3333333333333333	1.0			0.3333333333333333	
HQ878382.1	33	CGACTTGGGCTAGCTCCTCG	1	1	1	CGAGGAGCUAGCCCAAGUCG	+	TTTC	0.65	0.25	0	0	1	0	0.3333333333333333	0.3333333333333333	1.0			0.3333333333333333	
AF130467.1	101	ACTCGCCACCAATCAACCCG	1	1	1	CGGGUUGAUUGGUGGCGAGU	+	TTTT	0.6	0.1	0	0	1	0	0.3333333333333333	0.3333333333333333	1.0			0.3333333333333333	
M87316.1	643	AGCTAATAACAAGTTAATAA	1	1	1	UUAUUAACUUGUUAUUAGCU	-	TTTA	0.2	0.25	0	0	1	0	0.3333333333333333	0.3333333333333333	1.0			0.3333333333333333	
M87316.1	514	ACCAAGTTTAAAGTTTAAAT	1	1	1	AUUUAAACUUUAAACUUGGU	-	TTTT	0.2	0.35	0	0	1	0	0.3333333333333333	0.3333333333333333	1.0			0.3333333333333333	
M87316.1	515	AACCAAGTTTAAAGTTTAAA	1	1	1	UUUAAACUUUAAACUUGGUU	-	TTTA	0.2	0.3	0	0	1	0	0.3333333333333333	0.3333333333333333	1.0			0.3333333333333333	
M87316.1	519	TAATAACCAAGTTTAAAGTT	1	1	1	AACUUUAAACUUGGUUAUUA	-	TTTA	0.2	0.35	0	0	1	0	0.3333333333333333	0.3333333333333333	1.0			0.3333333333333333	
M87316.1	526	TATTGAGTAATAACCAAGTT	1	1	1	AACUUGGUUAUUACUCAAUA	-	TTTA	0.25	0.35	0	0	1	0	0.3333333333333333	0.3333333333333333	1.0			0.3333333333333333	
M87316.1	618	ATCATATTAACTAATAAATT	1	1	1	AAUUUAUUAGUUAAUAUGAU	-	TTTA	0.1	0.4	0	0	1	0	0.3333333333333333	0.3333333333333333	1.0			0.3333333333333333	
M87316.1	624	ATAAATATCATATTAACTAA	1	1	1	UUAGUUAAUAUGAUAUUUAU	-	TTTA	0.1	0.35	0	0	1	0	0.3333333333333333	0.3333333333333333	1.0			0.3333333333333333	
M87316.1	666	TTATATCTAATGCTAACATA	1	1	1	UAUGUUAGCAUUAGAUAUAA	-	TTTA	0.2	0.4	0	0	1	0	0.3333333333333333	0.3333333333333333	1.0			0.3333333333333333	
AF130467.1	100	AACTCGCCACCAATCAACCC	1	1	1	GGGUUGAUUGGUGGCGAGUU	+	TTTC	0.55	0.1	0	0	1	0	0.3333333333333333	0.3333333333333333	1.0			0.3333333333333333	
M87316.1	693	ATTTTATCAAATCATAATAT	1	1	1	AUAUUAUGAUUUGAUAAAAU	-	TTTA	0.1	0.45	0	0	1	0	0.3333333333333333	0.3333333333333333	1.0			0.3333333333333333	
M87316.1	706	AGCACATAAAATAATTTTAT	1	1	1	AUAAAAUUAUUUUAUGUGCU	-	TTTG	0.15	0.35	0	0	1	0	0.3333333333333333	0.3333333333333333	1.0			0.3333333333333333	
AF130467.1	48	CCTCTCCATGCAACGCAGCC	1	1	1	GGCUGCGUUGCAUGGAGAGG	+	TTTA	0.65	0.15	0	0	1	0	0.3333333333333333	0.3333333333333333	1.0			0.3333333333333333	
AF130467.1	49	CTCTCCATGCAACGCAGCCT	1	1	1	AGGCUGCGUUGCAUGGAGAG	+	TTTT	0.6	0.2	0	0	1	0	0.3333333333333333	0.3333333333333333	1.0			0.3333333333333333	
AF130467.1	70	AAAGGCATCGTGCAGCTGCC	1	1	1	GGCAGCUGCACGAUGCCUUU	+	TTTG	0.6	0.15	0	0	1	0	0.3333333333333333	0.3333333333333333	1.0			0.3333333333333333	
AF130467.1	630	AGCATTGAACAATAAGTATA	1	1	1	UAUACUUAUUGUUCAAUGCU	+	TTTG	0.25	0.25	0	0	1	0	0.3333333333333333	0.3333333333333333	1.0			0.3333333333333333	
AF130467.1	78	CGTGCAGCTGCCCAAAGATC	1	1	1	GAUCUUUGGGCAGCUGCACG	+	TTTA	0.6	0.15	0	0	1	0	0.3333333333333333	0.3333333333333333	1.0			0.3333333333333333	
AF130467.1	651	AAATTTCAAAATTATATCGA	1	1	1	UCGAUAUAAUUUUGAAAUUU	+	TTTA	0.15	0.35	0	0	1	0	0.3333333333333333	0.3333333333333333	1.0			0.3333333333333333	
AF130467.1	637	AACAATAAGTATACAAATTT	1	1	1	AAAUUUGUAUACUUAUUGUU	+	TTTG	0.15	0.3	0	0	1	0	0.3333333333333333	0.3333333333333333	1.0			0.3333333333333333	
AF130467.1	566	CGGCGGTCCGGAAGCTCCCT	1	1	1	AGGGAGCUUCCGGACCGCCG	-	TTTT	0.75	0.15	0	0	1	0	0.3333333333333333	0.3333333333333333	1.0			0.3333333333333333	
AF130467.1	486	ATCCCTCCAAAAGTTGGCCG	1	1	1	CGGCCAACUUUUGGAGGGAU	-	TTTT	0.55	0.2	0	0	1	0	0.3333333333333333	0.3333333333333333	1.0			0.3333333333333333	
AF130467.1	487	AATCCCTCCAAAAGTTGGCC	1	1	1	GGCCAACUUUUGGAGGGAUU	-	TTTC	0.5	0.2	0	0	1	0	0.3333333333333333	0.3333333333333333	1.0			0.3333333333333333	
AF130467.1	498	TGTGCTGGGAAAATCCCTCC	1	1	1	GGAGGGAUUUUCCCAGCACA	-	TTTT	0.55	0.25	0	0	1	0	0.3333333333333333	0.3333333333333333	1.0			0.3333333333333333	
AF130467.1	499	GTGTGCTGGGAAAATCCCTC	1	1	1	GAGGGAUUUUCCCAGCACAC	-	TTTG	0.55	0.25	0	0	1	0	0.3333333333333333	0.3333333333333333	1.0			0.3333333333333333	
AF130467.1	509	CTCCCGCCGGGTGTGCTGGG	1	1	1	CCCAGCACACCCGGCGGGAG	-	TTTT	0.8	0.2	0	0	1	0	0.3333333333333333	0.3333333333333333	1.0			0.3333333333333333	
AF130467.1	510	GCTCCCGCCGGGTGTGCTGG	1	1	1	CCAGCACACCCGGCGGGAGC	-	TTTC	0.8	0.2	0	0	1	0	0.3333333333333333	0.3333333333333333	1.0			0.3333333333333333	
AF130467.1	567	GCGGCGGTCCGGAAGCTCCC	1	1	1	GGGAGCUUCCGGACCGCCGC	-	TTTA	0.8	0.1	0	0	1	0	0.3333333333333333	0.3333333333333333	1.0			0.3333333333333333	
AF130467.1	467	GAAAAGTCGAGAAATGGGGG	1	1	1	CCCCCAUUUCUCGACUUUUC	-	TTTC	0.5	0.1	0	0	1	0	0.3333333333333333	0.3333333333333333	1.0			0.3333333333333333	
AF130467.1	627	ACTTATTGTTCAATGCTGAT	1	1	1	AUCAGCAUUGAACAAUAAGU	-	TTTT	0.3	0.45	0	0	1	0	0.3333333333333333	0.3333333333333333	1.0			0.3333333333333333	
AF130467.1	628	TACTTATTGTTCAATGCTGA	1	1	1	UCAGCAUUGAACAAUAAGUA	-	TTTA	0.3	0.45	0	0	1	0	0.3333333333333333	0.3333333333333333	1.0			0.3333333333333333	
AF130467.1	658	TTATTTATCGATATAATTTT	1	1	1	AAAAUUAUAUCGAUAAAUAA	-	TTTC	0.1	0.6	0	0	1	0	0.3333333333333333	0.3333333333333333	1.0			0.3333333333333333	
AF130467.1	735	GTGGTCATCGTGTAATAAAT	1	1	1	AUUUAUUACACGAUGACCAC	-	TTTT	0.35	0.35	0	0	1	0	0.3333333333333333	0.3333333333333333	1.0			0.3333333333333333	
AF130467.1	736	CGTGGTCATCGTGTAATAAA	1	1	1	UUUAUUACACGAUGACCACG	-	TTTA	0.4	0.3	0	0	1	0	0.3333333333333333	0.3333333333333333	1.0			0.3333333333333333	
AF130467.1	740	TAGCCGTGGTCATCGTGTAA	1	1	1	UUACACGAUGACCACGGCUA	-	TTTA	0.5	0.3	0	0	1	0	0.3333333333333333	0.3333333333333333	1.0			0.3333333333333333	
AF130467.1	477	AAAGTTGGCCGAAAAGTCGA	1	1	1	UCGACUUUUCGGCCAACUUU	-	TTTC	0.45	0.15	0	0	1	0	0.3333333333333333	0.3333333333333333	1.0			0.3333333333333333	
AF130467.1	425	CTCCGGGTAGGGGCGTTCTG	1	1	1	CAGAACGCCCCUACCCGGAG	-	TTTG	0.7	0.25	0	0	1	0	0.3333333333333333	0.3333333333333333	1.0			0.3333333333333333	
AF130467.1	638	ACAATAAGTATACAAATTTC	1	1	1	GAAAUUUGUAUACUUAUUGU	+	TTTT	0.2	0.3	0	0	1	0	0.3333333333333333	0.3333333333333333	1.0			0.3333333333333333	
AF130467.1	335	CTGCAAACTGGGGGTTGGTG	1	1	1	CACCAACCCCCAGUUUGCAG	-	TTTA	0.6	0.25	0	0	1	0	0.3333333333333333	0.3333333333333333	1.0			0.3333333333333333	
M87316.1	385	AGTATTATAACAAATCATTA	1	1	1	UAAUGAUUUGUUAUAAUACU	-	TTTA	0.15	0.35	0	0	1	0	0.3333333333333333	0.3333333333333333	1.0			0.3333333333333333	
AF130467.1	660	AATTATATCGATAAATAAGA	1	1	1	UCUUAUUUAUCGAUAUAAUU	+	TTTC	0.15	0.3	0	0	1	0	0.3333333333333333	0.3333333333333333	1.0			0.3333333333333333	
AF130467.1	818	ATATAGAATATTCGTATTAT	1	1	1	AUAAUACGAAUAUUCUAUAU	+	TTTG	0.15	0.45	0	0	1	0	0.3333333333333333	0.3333333333333333	1.0			0.3333333333333333	
AF130467.1	157	TTTGGGGTGTGCCTTCTGCC	1	1	1	GGCAGAAGGCACACCCCAAA	-	TTTA	0.6	0.4	0	0	1	0	0.3333333333333333	0.3333333333333333	1.0			0.3333333333333333	
AF130467.1	281	CTCCGGGGCTGGCTCCTCTC	1	1	1	GAGAGGAGCCAGCCCCGGAG	-	TTTC	0.75	0.25	0	0	1	0	0.3333333333333333	0.3333333333333333	1.0			0.3333333333333333	
AF130467.1	334	TGCAAACTGGGGGTTGGTGT	1	1	1	ACACCAACCCCCAGUUUGCA	-	TTTT	0.55	0.3	0	0	1	0	0.3333333333333333	0.3333333333333333	1.0			0.3333333333333333	
AF130467.1	352	TTTTGGGGCTCGGGAGGCTG	1	1	1	CAGCCUCCCGAGCCCCAAAA	-	TTTG	0.65	0.3	0	0	1	0	0.3333333333333333	0.3333333333333333	1.0			0.3333333333333333	
AF130467.1	424	TCCGGGTAGGGGCGTTCTGC	1	1	1	GCAGAACGCCCCUACCCGGA	-	TTTT	0.7	0.25	0	0	1	0	0.3333333333333333	0.3333333333333333	1.0			0.3333333333333333	
AF130467.1	382	AACCCGTTCATAATTTGCCG	1	1	1	CGGCAAAUUAUGAACGGGUU	-	TTTT	0.45	0.3	0	0	1	0	0.3333333333333333	0.3333333333333333	1.0			0.3333333333333333	
AF130467.1	383	GAACCCGTTCATAATTTGCC	1	1	1	GGCAAAUUAUGAACGGGUUC	-	TTTC	0.45	0.3	0	0	1	0	0.3333333333333333	0.3333333333333333	1.0			0.3333333333333333	
AF130467.1	414	GGCGTTCTGCAAAATGCCAA	1	1	1	UUGGCAUUUUGCAGAACGCC	-	TTTT	0.5	0.2	0	0	1	0	0.3333333333333333	0.3333333333333333	1.0			0.3333333333333333	
AF130467.1	415	GGGCGTTCTGCAAAATGCCA	1	1	1	UGGCAUUUUGCAGAACGCCC	-	TTTT	0.55	0.2	0	0	1	0	0.3333333333333333	0.3333333333333333	1.0			0.3333333333333333	
AF130467.1	416	GGGGCGTTCTGCAAAATGCC	1	1	1	GGCAUUUUGCAGAACGCCCC	-	TTTT	0.6	0.2	0	0	1	0	0.3333333333333333	0.3333333333333333	1.0			0.3333333333333333	
AF130467.1	417	AGGGGCGTTCTGCAAAATGC	1	1	1	GCAUUUUGCAGAACGCCCCU	-	TTTG	0.55	0.2	0	0	1	0	0.3333333333333333	0.3333333333333333	1.0			0.3333333333333333	
M87316.1	395	GGTAACACTAAGTATTATAA	1	1	1	UUAUAAUACUUAGUGUUACC	-	TTTG	0.25	0.3	0	0	1	0	0.3333333333333333	0.3333333333333333	1.0			0.3333333333333333	
M87316.1	344	TATGCATATAACAATCAAGT	1	1	1	ACUUGAUUGUUAUAUGCAUA	-	TTTA	0.25	0.3	0	0	1	0	0.3333333333333333	0.3333333333333333	1.0			0.3333333333333333	
M87316.1	384	GTATTATAACAAATCATTAT	1	1	1	AUAAUGAUUUGUUAUAAUAC	-	TTTT	0.15	0.4	0	0	1	0	0.3333333333333333	0.3333333333333333	1.0			0.3333333333333333	
HQ878382.1	550	TGTAATGTTACGCGCATAAC	1	1	1	GUUAUGCGCGUAACAUUACA	-	TTTT	0.4	0.3	0	0	1	0	0.3333333333333333	0.3333333333333333	1.0			0.3333333333333333	
HQ878382.1	236	TAATAGAGAGCACATATAAT	1	1	1	AUUAUAUGUGCUCUCUAUUA	-	TTTA	0.25	0.25	0	0	1	0	0.3333333333333333	0.3333333333333333	1.0			0.3333333333333333	
HQ878382.1	331	ATAATGAGGGTAATACCCAC	1	1	1	GUGGGUAUUACCCUCAUUAU	-	TTTG	0.4	0.2	0	0	1	0	0.3333333333333333	0.3333333333333333	1.0			0.3333333333333333	
HQ878382.1	462	AATATTATAGTAATCAACAT	1	1	1	AUGUUGAUUACUAUAAUAUU	-	TTTA	0.15	0.35	0	0	1	0	0.3333333333333333	0.3333333333333333	1.0			0.3333333333333333	
HQ878382.1	530	AAAACACCAACGCAATAAAT	1	1	1	AUUUAUUGCGUUGGUGUUUU	-	TTTT	0.3	0.1	0	0	1	0	0.3333333333333333	0.3333333333333333	1.0			0.3333333333333333	
HQ878382.1	531	CAAAACACCAACGCAATAAA	1	1	1	UUUAUUGCGUUGGUGUUUUG	-	TTTA	0.35	0.05	0	0	1	0	0.3333333333333333	0.3333333333333333	1.0			0.3333333333333333	
HQ878382.1	535	ATAACAAAACACCAACGCAA	1	1	1	UUGCGUUGGUGUUUUGUUAU	-	TTTA	0.35	0.05	0	0	1	0	0.3333333333333333	0.3333333333333333	1.0			0.3333333333333333	
HQ878382.1	551	ATGTAATGTTACGCGCATAA	1	1	1	UUAUGCGCGUAACAUUACAU	-	TTTG	0.35	0.3	0	0	1	0	0.3333333333333333	0.3333333333333333	1.0			0.3333333333333333	
M87316.1	383	TATTATAACAAATCATTATA	1	1	1	UAUAAUGAUUUGUUAUAAUA	-	TTTT	0.1	0.4	0	0	1	0	0.3333333333333333	0.3333333333333333	1.0			0.3333333333333333	
HQ878382.1	574	TAAAAATGAAAAATAAAATT	1	1	1	AAUUUUAUUUUUCAUUUUUA	-	TTTT	0.05	0.25	0	0	1	0	0.3333333333333333	0.3333333333333333	1.0			0.3333333333333333	
HQ878382.1	575	ATAAAAATGAAAAATAAAAT	1	1	1	AUUUUAUUUUUCAUUUUUAU	-	TTTA	0.05	0.2	0	0	1	0	0.3333333333333333	0.3333333333333333	1.0			0.3333333333333333	
HQ878382.1	580	ATTATATAAAAATGAAAAAT	1	1	1	AUUUUUCAUUUUUAUAUAAU	-	TTTT	0.05	0.3	0	0	1	0	0.3333333333333333	0.3333333333333333	1.0			0.3333333333333333	
HQ878382.1	581	AATTATATAAAAATGAAAAA	1	1	1	UUUUUCAUUUUUAUAUAAUU	-	TTTA	0.05	0.25	0	0	1	0	0.3333333333333333	0.3333333333333333	1.0			0.3333333333333333	
HQ878382.1	585	AGACAATTATATAAAAATGA	1	1	1	UCAUUUUUAUAUAAUUGUCU	-	TTTT	0.15	0.25	0	0	1	0	0.3333333333333333	0.3333333333333333	1.0			0.3333333333333333	
HQ878382.1	586	CAGACAATTATATAAAAATG	1	1	1	CAUUUUUAUAUAAUUGUCUG	-	TTTT	0.2	0.25	0	0	1	0	0.3333333333333333	0.3333333333333333	1.0			0.3333333333333333	
HQ878382.1	226	CACATATAATTAAATAATTA	1	1	1	UAAUUAUUUAAUUAUAUGUG	-	TTTG	0.1	0.35	0	0	1	0	0.3333333333333333	0.3333333333333333	1.0			0.3333333333333333	
HQ878382.1	134	GTTATATCAGAGTGTAACAA	1	1	1	UUGUUACACUCUGAUAUAAC	-	TTTA	0.3	0.3	0	0	1	0	0.3333333333333333	0.3333333333333333	1.0			0.3333333333333333	
HQ878382.1	119	AACAATAAATATATATTAAT	1	1	1	AUUAAUAUAUAUUUAUUGUU	-	TTTG	0.05	0.35	0	0	1	0	0.3333333333333333	0.3333333333333333	1.0			0.3333333333333333	
HQ878382.1	112	AATATATATTAATCAAATGT	1	1	1	ACAUUUGAUUAAUAUAUAUU	-	TTTA	0.1	0.4	0	0	1	0	0.3333333333333333	0.3333333333333333	1.0			0.3333333333333333	
HQ878382.1	106	TATTAATCAAATGTTAAATT	1	1	1	AAUUUAACAUUUGAUUAAUA	-	TTTA	0.1	0.45	0	0	1	0	0.3333333333333333	0.3333333333333333	1.0			0.3333333333333333	
HQ878382.1	98	AAATGTTAAATTTAAATCAG	1	1	1	CUGAUUUAAAUUUAACAUUU	-	TTTA	0.15	0.35	0	0	1	0	0.3333333333333333	0.3333333333333333	1.0			0.3333333333333333	
HQ878382.1	97	AATGTTAAATTTAAATCAGT	1	1	1	ACUGAUUUAAAUUUAACAUU	-	TTTT	0.15	0.4	0	0	1	0	0.3333333333333333	0.3333333333333333	1.0			0.3333333333333333	
HQ878382.1	662	AATTCGATTTTTGGCATACA	1	1	1	UGUAUGCCAAAAAUCGAAUU	+	TTTC	0.3	0.4	0	0	1	0	0.3333333333333333	0.3333333333333333	1.0			0.3333333333333333	
HQ878382.1	597	AATTGTCTGAAATTCGAGAC	1	1	1	GUCUCGAAUUUCAGACAAUU	+	TTTT	0.35	0.3	0	0	1	0	0.3333333333333333	0.3333333333333333	1.0			0.3333333333333333	
HQ878382.1	596	TAATTGTCTGAAATTCGAGA	1	1	1	UCUCGAAUUUCAGACAAUUA	+	TTTG	0.3	0.35	0	0	1	0	0.3333333333333333	0.3333333333333333	1.0			0.3333333333333333	
HQ878382.1	585	TCATTTTTATATAATTGTCT	1	1	1	AGACAAUUAUAUAAAAAUGA	+	TTTC	0.15	0.6	0	0	1	0	0.3333333333333333	0.3333333333333333	1.0			0.3333333333333333	
HQ878382.1	483	TTACTCTGTTACATCTTACA	1	1	1	UGUAAGAUGUAACAGAGUAA	+	TTTG	0.3	0.45	0	0	1	0	0.3333333333333333	0.3333333333333333	1.0			0.3333333333333333	
HQ878382.1	418	ATACAGAGATAGATTATATA	1	1	1	UAUAUAAUCUAUCUCUGUAU	+	TTTA	0.2	0.3	0	0	1	0	0.3333333333333333	0.3333333333333333	1.0			0.3333333333333333	
HQ878382.1	345	CATTATACAATGAATTGAAT	1	1	1	AUUCAAUUCAUUGUAUAAUG	+	TTTT	0.2	0.35	0	0	1	0	0.3333333333333333	0.3333333333333333	1.0			0.3333333333333333	
HQ878382.1	344	TCATTATACAATGAATTGAA	1	1	1	UUCAAUUCAUUGUAUAAUGA	+	TTTA	0.2	0.35	0	0	1	0	0.3333333333333333	0.3333333333333333	1.0			0.3333333333333333	
HQ878382.1	183	GATTGTTATATTAATGATAG	1	1	1	CUAUCAUUAAUAUAACAAUC	+	TTTA	0.2	0.45	0	0	1	0	0.3333333333333333	0.3333333333333333	1.0			0.3333333333333333	
HQ878382.1	84	AATTCTAACTTTTACTGATT	1	1	1	AAUCAGUAAAAGUUAGAAUU	+	TTTA	0.2	0.5	0	0	1	0	0.3333333333333333	0.3333333333333333	1.0			0.3333333333333333	
HQ878382.1	587	TCAGACAATTATATAAAAAT	1	1	1	AUUUUUAUAUAAUUGUCUGA	-	TTTC	0.15	0.3	0	0	1	0	0.3333333333333333	0.3333333333333333	1.0			0.3333333333333333	
HQ878382.1	592	GAATTTCAGACAATTATATA	1	1	1	UAUAUAAUUGUCUGAAAUUC	-	TTTT	0.2	0.35	0	0	1	0	0.3333333333333333	0.3333333333333333	1.0			0.3333333333333333	
HQ878382.1	593	CGAATTTCAGACAATTATAT	1	1	1	AUAUAAUUGUCUGAAAUUCG	-	TTTT	0.25	0.35	0	0	1	0	0.3333333333333333	0.3333333333333333	1.0			0.3333333333333333	
M87316.1	687	AATTTAATATTATGATTTGA	1	1	1	UCAAAUCAUAAUAUUAAAUU	+	TTTA	0.1	0.5	0	0	1	0	0.3333333333333333	0.3333333333333333	1.0			0.3333333333333333	
M87316.1	382	ATTATAACAAATCATTATAA	1	1	1	UUAUAAUGAUUUGUUAUAAU	-	TTTT	0.1	0.35	0	0	1	0	0.3333333333333333	0.3333333333333333	1.0			0.3333333333333333	
HQ878382.1	57	CTAGGCCTCTTAGAGGCTTG	1	1	1	CAAGCCUCUAAGAGGCCUAG	+	TTTC	0.55	0.3	0	0	1	0	0.3333333333333333	0.3333333333333333	1.0			0.3333333333333333	
M87316.1	323	AAATTATTATTATACTCCAT	1	1	1	AUGGAGUAUAAUAAUAAUUU	-	TTTG	0.15	0.45	0	0	1	0	0.3333333333333333	0.3333333333333333	1.0			0.3333333333333333	
M87316.1	262	TACGGAACTATTTATTAGAT	1	1	1	AUCUAAUAAAUAGUUCCGUA	-	TTTG	0.25	0.4	0	0	1	0	0.3333333333333333	0.3333333333333333	1.0			0.3333333333333333	
M87316.1	261	ACGGAACTATTTATTAGATC	1	1	1	GAUCUAAUAAAUAGUUCCGU	-	TTTT	0.3	0.35	0	0	1	0	0.3333333333333333	0.3333333333333333	1.0			0.3333333333333333	
M87316.1	239	AATTAGTTTTATATTAGAGT	1	1	1	ACUCUAAUAUAAAACUAAUU	-	TTTA	0.15	0.5	0	0	1	0	0.3333333333333333	0.3333333333333333	1.0			0.3333333333333333	
M87316.1	232	TTTATATTAGAGTTAAATTC	1	1	1	GAAUUUAACUCUAAUAUAAA	-	TTTG	0.15	0.5	0	0	1	0	0.3333333333333333	0.3333333333333333	1.0			0.3333333333333333	
M87316.1	223	GAGTTAAATTCCAAACTGCA	1	1	1	UGCAGUUUGGAAUUUAACUC	-	TTTA	0.35	0.25	0	0	1	0	0.3333333333333333	0.3333333333333333	1.0			0.3333333333333333	
M87316.1	124	CTAATTGTGCACGGGGAGGG	1	1	1	CCCUCCCCGUGCACAAUUAG	-	TTTG	0.6	0.2	0	0	1	0	0.3333333333333333	0.3333333333333333	1.0			0.3333333333333333	
M87316.1	123	TAATTGTGCACGGGGAGGGC	1	1	1	GCCCUCCCCGUGCACAAUUA	-	TTTT	0.6	0.2	0	0	1	0	0.3333333333333333	0.3333333333333333	1.0			0.3333333333333333	
M87316.1	122	AATTGTGCACGGGGAGGGCA	1	1	1	UGCCCUCCCCGUGCACAAUU	-	TTTT	0.6	0.15	0	0	1	0	0.3333333333333333	0.3333333333333333	1.0			0.3333333333333333	
M87316.1	121	ATTGTGCACGGGGAGGGCAA	1	1	1	UUGCCCUCCCCGUGCACAAU	-	TTTT	0.6	0.15	0	0	1	0	0.3333333333333333	0.3333333333333333	1.0			0.3333333333333333	
M87316.1	6	CGATTTTGGACTCATTTTTA	1	1	1	UAAAAAUGAGUCCAAAAUCG	-	TTTA	0.3	0.5	0	0	1	0	0.3333333333333333	0.3333333333333333	1.0			0.3333333333333333	
M87316.1	688	ATTTAATATTATGATTTGAT	1	1	1	AUCAAAUCAUAAUAUUAAAU	+	TTTT	0.1	0.55	0	0	1	0	0.3333333333333333	0.3333333333333333	1.0			0.3333333333333333	
M87316.1	665	ATATGTTAGCATTAGATATA	1	1	1	UAUAUCUAAUGCUAACAUAU	+	TTTT	0.2	0.4	0	0	1	0	0.3333333333333333	0.3333333333333333	1.0			0.3333333333333333	
HQ878382.1	594	TCGAATTTCAGACAATTATA	1	1	1	UAUAAUUGUCUGAAAUUCGA	-	TTTA	0.25	0.35	0	0	1	0	0.3333333333333333	0.3333333333333333	1.0			0.3333333333333333	
M87316.1	664	TATATGTTAGCATTAGATAT	1	1	1	AUAUCUAAUGCUAACAUAUA	+	TTTT	0.2	0.45	0	0	1	0	0.3333333333333333	0.3333333333333333	1.0			0.3333333333333333	
M87316.1	663	TTATATGTTAGCATTAGATA	1	1	1	UAUCUAAUGCUAACAUAUAA	+	TTTA	0.2	0.45	0	0	1	0	0.3333333333333333	0.3333333333333333	1.0			0.3333333333333333	
M87316.1	596	ATTGAGTGCACGATATAATT	1	1	1	AAUUAUAUCGUGCACUCAAU	+	TTTA	0.3	0.35	0	0	1	0	0.3333333333333333	0.3333333333333333	1.0			0.3333333333333333	
M87316.1	504	TATATATTTTATTTAAACTT	1	1	1	AAGUUUAAAUAAAAUAUAUA	+	TTTA	0.05	0.6	0	0	1	0	0.3333333333333333	0.3333333333333333	1.0			0.3333333333333333	
M87316.1	497	GTAATACTATATATTTTATT	1	1	1	AAUAAAAUAUAUAGUAUUAC	+	TTTA	0.1	0.55	0	0	1	0	0.3333333333333333	0.3333333333333333	1.0			0.3333333333333333	
M87316.1	459	TATAACTAATATTAATATGT	1	1	1	ACAUAUUAAUAUUAGUUAUA	+	TTTT	0.1	0.45	0	0	1	0	0.3333333333333333	0.3333333333333333	1.0			0.3333333333333333	
M87316.1	458	TTATAACTAATATTAATATG	1	1	1	CAUAUUAAUAUUAGUUAUAA	+	TTTA	0.1	0.45	0	0	1	0	0.3333333333333333	0.3333333333333333	1.0			0.3333333333333333	
M87316.1	428	ATCTATTGACTCATTACCCC	1	1	1	GGGGUAAUGAGUCAAUAGAU	+	TTTC	0.4	0.35	0	0	1	0	0.3333333333333333	0.3333333333333333	1.0			0.3333333333333333	
M87316.1	248	TAAAACTAATTTTGATCTAA	1	1	1	UUAGAUCAAAAUUAGUUUUA	+	TTTA	0.15	0.4	0	0	1	0	0.3333333333333333	0.3333333333333333	1.0			0.3333333333333333	
M87316.1	229	TTGGAATTTAACTCTAATAT	1	1	1	AUAUUAGAGUUAAAUUCCAA	+	TTTT	0.2	0.45	0	0	1	0	0.3333333333333333	0.3333333333333333	1.0			0.3333333333333333	
M87316.1	228	TTTGGAATTTAACTCTAATA	1	1	1	UAUUAGAGUUAAAUUCCAAA	+	TTTA	0.2	0.45	0	0	1	0	0.3333333333333333	0.3333333333333333	1.0			0.3333333333333333	
M87316.1	88	CCCCGTTCAAAAATCTCCCG	1	1	1	CGGGAGAUUUUUGAACGGGG	+	TTTT	0.55	0.2	0	0	1	0	0.3333333333333333	0.3333333333333333	1.0			0.3333333333333333	
M87316.1	87	ACCCCGTTCAAAAATCTCCC	1	1	1	GGGAGAUUUUUGAACGGGGU	+	TTTC	0.5	0.2	0	0	1	0	0.3333333333333333	0.3333333333333333	1.0			0.3333333333333333	
M87316.1	64	AATCGCGTTTTTGGCATACA	1	1	1	UGUAUGCCAAAAACGCGAUU	+	TTTC	0.4	0.35	0	0	1	0	0.3333333333333333	0.3333333333333333	1.0			0.3333333333333333	
AF130467.1	780	CGGTTAGGCCTATAATGGTA	1	1	1	UACCAUUAUAGGCCUAACCG	-	TTTA	0.45	0.3	0	0	1	0	0.3333333333333333	0.3333333333333333	1.0			0.3333333333333333	
